Angle,Force,Torque,Force_smooth,Torque_smooth
0.0,0.0,0.0,0.0,0.0
0.11405634085227101,0.022187578776173927,0.889644,0.013312547265704355,0.296548
0.2280811309093056,0.022184466021283062,0.889644,0.017515035097294268,0.49424666666666667
0.37056639487887244,0.04436090566552686,1.779288,0.028666396717944728,0.9225937777777777
0.48451694492735564,0.06653143387473891,2.668932,0.04320226406249604,1.5047065185185184
0.6269066021298468,0.06651866245887106,2.668932,0.05172239159681053,1.8927816790123457
0.7407784257590246,0.08867753767765336,3.558576,0.06480655939328184,2.4480464526748973
0.8546138246632053,0.088663179792108,3.558576,0.07308164723027356,2.818222968449932
1.0252967004068156,0.13296149406606406,5.337864,0.09357466663925701,3.6581033122999544
1.0821718268840663,0.13295014381490944,5.337864,0.1069314528046748,4.218023541533303
1.1958926739202496,0.1329270563462394,5.337864,0.11569800426142696,4.591303694355536
1.3095735837493296,0.15505402920337058,6.227508,0.12891857476155588,5.136705129570357
1.4232136828339406,0.17717244855550915,7.117152,0.1450862727278224,5.796854086380239
1.5652050888977462,0.17713129039152625,7.117152,0.155804660986219,6.236953390920159
1.6787501798993856,0.1992347943623431,8.006796,0.1703145076427698,6.826900927280106
1.79225163456077,0.19919611960346556,8.006796,0.17995639080709186,7.220199284853405
1.8773485686903562,0.22129623413704425,8.896440000000002,0.1937503388786132,7.778946189902271
1.9907715792405472,0.22125177360181497,8.896440000000002,0.2029236908384893,8.151444126601515
2.132485539433397,0.24331450542790972,9.786084,0.21639337178027618,8.696324084401011
2.245803818185547,0.24326350129210472,9.786084,0.2253527759671663,9.059577389600674
2.3590741559762196,0.26532171031458146,10.675728,0.23867842568615888,9.598294259733784
2.5005933598239714,0.2652494691809232,10.675728,0.24753662414625868,9.957438839822522
2.613752709990513,0.28728975226625,11.565372,0.26078884768949306,10.493416559881682
2.726861350708425,0.28722482166800056,11.565372,0.2696013625071725,10.850735039921123
2.8116590436048345,0.30926582501444644,12.455016,0.28282337362937454,11.385495359947415
2.981166002955866,0.3091574227346008,12.455016,0.29160162175598753,11.742002239964943
3.065874558861976,0.3311809674369206,13.34466,0.30479496919835847,12.276221493309961
3.2069877073280826,0.3531529175087241,14.234304,0.32091447444750576,12.928915662206641
3.3198162845402215,0.35306599834180774,14.234304,0.33163173291622217,13.364045108137761
3.4325888988657813,0.37503886379760526,15.123948,0.3461008520011812,13.950679405425175
3.5453047188201556,0.37494369976517566,15.123948,0.3557151680155606,14.341768936950118
3.686118364168037,0.396871173016002,16.013592,0.3694338681465189,14.89904329130008
3.7987033701711463,0.3967670776258806,16.013592,0.37854495205154126,15.270559527533388
3.9112288975792118,0.41869825682863415,16.903236,0.3919294007651247,15.814785018355593
3.995583516790529,0.4186136596839349,16.903236,0.40082415984663944,16.177602012237063
4.136098238464124,0.4184707264577134,16.903236,0.40670635141010586,16.419480008158043
4.248440419744025,0.44037330536040264,17.792880000000004,0.4179286728188973,16.8772800054387
4.360719858099815,0.44024948583383355,17.792880000000004,0.425368945337859,17.182480003625802
4.472935744454444,0.46213024953414683,18.682524,0.4376227150655929,17.68249466908387
4.613115004459086,0.4619632273795988,18.682524,0.44573621990402845,18.015837779389248
4.725184955517898,0.4838195036783307,19.572168,0.45843064859416605,18.534614519592832
4.837188745029007,0.48367576546558044,19.572168,0.4668456878895429,18.880465679728555
4.9211476892799055,0.4835668060645169,19.572168,0.4724193940972226,19.111033119819037
5.06099465567458,0.5053549668766997,20.461812,0.4833979185531713,19.561292746546027
5.172795192464173,0.505199188327855,20.461812,0.49066500856461326,19.861465831030685
5.28452639907591,0.5269999143787365,21.351456,0.50277664393215,20.358129220687125
5.42409171691148,0.5267916745165302,21.351456,0.5107816541693149,20.68923814712475
5.53566406698042,0.5266229536045386,21.351456,0.5160620873330227,20.9099774314165
5.647164548622774,0.5483878607813144,22.2411,0.5268373451744687,21.353684954277668
5.786437906423082,0.5262364433128338,21.351456,0.5266370445536096,21.352941969518447
5.897773857994803,0.52606161273601,21.351456,0.5264452339475426,21.352446646345633
5.981227056148933,0.5478429831975671,22.2411,0.5335778170358557,21.64866443089709
6.092432353386027,0.5476574675468878,22.2411,0.5382710338750473,21.846142953931395
6.34236631205661,0.5691223128976153,23.130744,0.5485547935524224,22.27434330262093
6.3701127188180315,0.5690726369648542,23.130744,0.5553940746913123,22.55981020174729
6.453322793501645,0.5689228611528472,23.130744,0.5599036701791116,22.750121467831526
6.591908396966009,0.568670747612468,23.130744,0.562826029323832,22.87699564522102
6.7026879711370615,0.590330934474865,24.020388,0.5719943310414041,23.258126430147346
6.841050084526573,0.5900633436885254,24.020388,0.5780173352573569,23.512213620098233
6.951648991290282,0.6116931561034492,24.910032,0.5892426088730263,23.97815308006549
7.0621664047852555,0.6114666592185176,24.910032,0.596650625654991,24.288779386710328
7.145000544811653,0.6112954054064031,24.910032,0.6015322189055208,24.49586359114022
7.255373587191379,0.6110652314305044,24.910032,0.6047098897472075,24.633919727426814
7.365663133364583,0.632648429633042,25.799675999999998,0.614022736375869,25.022505151617878
7.503406550465268,0.6323446961050826,25.799675999999998,0.6201300562856288,25.281562101078585
7.613505597050052,0.6538958194339377,26.68932,0.6313853106684253,25.75081473405239
7.723518815179974,0.6536397394503702,26.68932,0.6388034535957521,26.063649822701596
7.860913560427191,0.6533165389169404,26.68932,0.6436411487028201,26.272206548467732
7.9707310745206374,0.6530555081883651,26.68932,0.6467792685313373,26.411244365645157
8.053036418113614,0.6528582996277753,26.68932,0.648805612230151,26.503936243763437
8.190101038120224,0.6525268949167881,26.68932,0.6500460397923638,26.565730829175624
8.299652095515846,0.674001306931886,27.578964,0.6580311288388728,26.903475219450417
8.409112948140248,0.6737225891062357,27.578964,0.6632616155946612,27.12863814630028
8.518482909325229,0.6734416468063463,27.578964,0.6666549593318899,27.27874676420019
8.655066504758832,0.6730873543582327,27.578964,0.6687990910073377,27.37881917613346
8.764229469232243,0.6945047119282984,28.468608,0.677367631314325,27.74208211742231
8.873299336860564,0.6942073080768502,28.468608,0.6829808569018335,27.984257411614873
9.00950473295677,0.7155146427148154,29.358252,0.6938254521728275,28.44225560774325
9.118362687289995,0.6718571027685281,27.578964,0.6865026690380609,28.1544917384955
9.199943673653038,0.6933015937704841,28.468608,0.6887689772822019,28.259197158997
9.335792153332823,0.6929182790593135,28.468608,0.6901520778745724,28.329000772664667
9.444362353340523,0.7142531683714852,29.358252,0.6981857747068767,28.67208451510978
9.552835330086905,0.7139320857444997,29.358252,0.703434545052751,28.900807010073187
9.769487033746469,0.7132831332524199,29.358252,0.706717407785974,29.053288673382127
9.7965407155401,0.734813544001502,30.247896,0.7160827865244833,29.451491115588087
9.904693275791185,0.734475182558444,30.247896,0.7222135852024704,29.71695941039206
10.012745894732976,0.7341345204036951,30.247896,0.7261872302695453,29.89393827359471
10.093719393892838,0.6907082543423818,28.468608,0.7143609049604909,29.418828182396474
10.228548796527825,0.6903024337498793,28.468608,0.7063414145569537,29.10208812159765
10.336297833379943,0.711537104100341,29.358252,0.708073311071416,29.1874760810651
10.44394443694688,0.7327490745988341,30.247896,0.7162985655805554,29.540949387376735
10.551487994365523,0.732397066706265,30.247896,0.7216647326224587,29.77659825825116
10.685771605434438,0.7319539119059152,30.247896,0.7250944590502776,29.933697505500774
10.793081089375544,0.7531144406269429,31.137539999999998,0.734434452909166,30.334978337000518
10.900285563580661,0.7527446348920084,31.137539999999998,0.7405378469034467,30.602498891333678
10.980619648236027,0.7524657921925476,31.137539999999998,0.7445138286664803,30.780845927555784
11.114377105081616,0.7519982332559568,31.137539999999998,0.7470086301963058,30.899743951703858
11.221262993848038,0.7516216597008287,31.137539999999998,0.7485463066978134,30.979009301135907
11.354719302347904,0.77260916897496,32.027184,0.7565672607901957,31.32840086742394
11.461362802281993,0.7722166834371611,32.027184,0.7617837350058508,31.56132857828263
11.567897638773841,0.7718219266671191,32.027184,0.7651297988929402,31.71661371885509
11.67432324230359,0.7928533800599825,32.916827999999995,0.7743709926152876,32.11668514590339
11.80720077700521,0.7709254802108563,32.027184,0.7732224884804771,32.08685143060226
11.913378545738999,0.7277165658474755,30.247896,0.7580538476028099,31.473866287068176
11.992939022703236,0.7274303976489677,30.247896,0.7478460309515292,31.06520952471212
12.09892208294896,0.7484307480669475,31.137539999999998,0.7480409366566687,31.089319683141415
12.23124331952378,0.7479344139658982,31.137539999999998,0.7480054290930785,31.105393122094277
12.336973575058952,0.7688930962943363,32.027184,0.754967984826831,31.412656748062854
12.442590594157238,0.7684800498856251,32.027184,0.7594720065130957,31.61749916537524
12.548093842019174,0.7680648413406149,32.027184,0.7623362847889354,31.754060776916827
12.732449170302115,0.7247034452559089,30.247896,0.7497920049445933,31.252005851277886
12.785057432348896,0.7245048465550384,30.247896,0.741362952148075,30.917302567518593
12.863915673786725,0.7455061857098527,31.137539999999998,0.742744030002001,30.990715045012397
12.968958573535524,0.745094218785853,31.137539999999998,0.7435274262632849,31.039656696674932
13.100098476857834,0.7445763874418081,31.137539999999998,0.7438770799894593,31.072284464449954
13.204878802360074,0.7654215481848453,32.027184,0.7510585693879213,31.390584309633304
13.309541606352024,0.7649910228605499,32.027184,0.7557027205454642,31.602784206422204
13.440204085851978,0.7856846879901997,32.916827999999995,0.7656967096937093,32.040798804281465
13.544600645896384,0.7852374507418297,32.916827999999995,0.7722102900430827,32.33280853618764
13.648878075997125,0.784788121387091,32.916827999999995,0.7764029004910854,32.52748169079176
13.779056597427111,0.7842235367315046,32.916827999999995,0.7790097792378918,32.657263793861176
13.88306421538186,0.7837695459101709,32.916827999999995,0.7805963681286515,32.74378519590745
13.960990749797812,0.7834277058892684,32.916827999999995,0.7815401473821905,32.801466130604965
14.090716899685212,0.7828554226948379,32.916827999999995,0.7819785724864063,32.83992008706998
14.194361026473405,0.8035411347853983,33.806472,0.789166093252737,33.16210405804665
14.297883057111697,0.8030665241502911,33.806472,0.7937995702185884,33.376893372031105
14.401282532519055,0.7814690726596754,32.916827999999995,0.7896894043656174,33.22353824802074
14.530358841030317,0.717571034300507,30.247896,0.7656499476772473,32.2316574986805
14.633480910817998,0.7171404490668014,30.247896,0.7494801148070986,31.570403665787
14.73647896291229,0.7167080627874189,30.247896,0.7385560974672054,31.129567777191337
14.865051456873086,0.7372287433194313,31.137539999999998,0.738113646084614,31.132225184794226
14.942101254697494,0.7368919904988886,31.137539999999998,0.7377064275560389,31.133996789862817
15.04472462541153,0.7364413968014853,31.137539999999998,0.7372847506378544,31.135177859908545
15.14722224047431,0.6939324829163566,29.358252,0.7228339947306884,30.54286923993903
15.275166770171069,0.6933969200613223,29.358252,0.7130216365075664,30.14799682662602
15.377379891948191,0.7139655689723082,30.247896,0.7133362806624803,30.181296551084017
15.479465896270572,0.7135204734548669,30.247896,0.7133976782599425,30.20349636738935
15.581424373175292,0.7340464281582063,31.137539999999998,0.7202805948926971,30.514844244926234
15.657809296767038,0.7337003274840265,31.137539999999998,0.7247538390898068,30.72240949661749
15.810362579525489,0.7330052051427506,31.137539999999998,0.727504294440788,30.860786331078327
15.886530603544244,0.7535892277301153,32.027184,0.7361992722038971,31.24958555405222
16.013315822937802,0.752988730271596,32.027184,0.7417957582264635,31.508785036034816
16.114598223445874,0.7734093282443706,32.916827999999995,0.7523336148990992,31.978132690689876
16.215750630484642,0.7729117967872537,32.916827999999995,0.7591930088618174,32.29103112712658
16.316772664833657,0.772412502238969,32.916827999999995,0.7635995066542013,32.499630084751054
16.442866300285363,0.7300677660240109,31.137539999999998,0.7524222597774711,32.0456000565007
16.543593631402523,0.6462098373359112,27.578964,0.7170181189636179,30.55672137100047
16.644189386471616,0.6249549505214057,26.68932,0.6863303961495472,29.26758758066698
16.76974850142464,0.6452559509147886,27.578964,0.6726389144046276,28.70471305377799
16.945183603036156,0.6652996830151529,28.468608,0.6701925039414695,28.626011369185328
16.97021255483049,0.6859763428313207,29.358252,0.6754537835714198,28.870091579456886
17.07024513121745,0.6855195938104006,29.358252,0.6788090536510801,29.032811719637927
17.170144281253183,0.7058208040332132,30.247896,0.6878129704451245,29.437839813091955
17.269909665535256,0.7260926893917937,31.137539999999998,0.7005728767606808,30.004406542061304
17.369540948814027,0.7463351290450945,32.027184,0.7158269608554854,30.678665694707536
17.51873571118978,0.7455775841637687,32.027184,0.7257438352915798,31.128171796471694
17.593219321071103,0.7451974971643125,32.027184,0.7322283892491575,31.42784253098113
17.667626902250987,0.7448165407106986,32.027184,0.7364244397363379,31.627623020654088
17.766718511782027,0.7236320537143351,31.137539999999998,0.732160311062337,31.464262013769392
17.89039213763748,0.6403812138915133,27.578964,0.7015672786720625,30.169162675846263
17.989177951659077,0.6399397242409457,27.578964,0.6810247605283569,29.305763117230843
18.087827357516854,0.6807548133148842,29.358252,0.680934778123866,29.32325941148723
18.18634005388531,0.6802821078931998,29.358252,0.6807172213803107,29.334923607658155
18.309288224159364,0.700285976098595,30.247896,0.6872401396197388,29.639247738438772
18.407492243508337,0.6792136037661999,29.358252,0.6845646276685592,29.545582492292517
18.481054933753594,0.6171417632771031,26.68932,0.6620903395380738,28.59349499486168
18.57901786010841,0.6167071849461587,26.68932,0.6469626213407688,27.958769996574453
18.70127720458884,0.6161622951951581,26.68932,0.6366958459588985,27.535619997716303
18.798928892324234,0.6362492310058835,27.578964,0.6365469743078935,27.550067998477537
18.920798320806618,0.6561886786887643,28.468608,0.6430942091015172,27.856247998985026
19.01813739251734,0.635228284910168,27.578964,0.6404722343710675,27.763819999323353
19.11533709351368,0.6552491443833757,28.468608,0.6453978710418369,27.998749332882237
19.236640335258727,0.6751175890382942,29.358252,0.6553044437073227,28.45191688858816
19.33352551062066,0.6950730566843191,30.247896,0.6685606480329881,29.050576592392108
19.430270487429777,0.6945691597679157,30.247896,0.6772301519446305,29.44968306159474
19.50273706638455,0.6125209586309536,26.68932,0.6556604208400715,28.529562041063162
19.695594277472033,0.5708516968966872,24.910032,0.6273908461922767,27.323052027375443
19.719661782409034,0.5707470979366381,24.910032,0.6085095967737305,26.518712018250298
19.815843540368117,0.611065800494365,26.68932,0.6093616646806087,26.5755813455002
19.911883906901686,0.6106157949866726,26.68932,0.6097797081159634,26.61349423033347
20.03173518799429,0.6100518150919167,26.68932,0.6098704104412812,26.63876948688898
20.127456599877316,0.6095994648239252,26.68932,0.6097800952354958,26.655619657925985
20.22303589676735,0.6091460884917856,26.68932,0.609568759654259,26.66685310528399
20.294626977284004,0.6290989017741639,27.578964,0.6160788070275607,26.97089007018933
20.413767291308435,0.6487853834779754,28.468608,0.6269809991776989,27.47012938012622
20.508918971309157,0.6685578916465702,29.358252,0.6408399633339893,28.099503586750814
20.603927700987672,0.5870784352159382,25.799675999999998,0.6229194539613055,27.33289439116721
20.698793280933995,0.5259489385368176,23.130744,0.5905959488198095,25.932177594111476
20.81717365381971,0.5456608664086894,24.020388,0.5756175880161027,25.29491439607432
20.911716437123307,0.565440707522987,24.910032,0.5722252945183975,25.16662026404955
21.006115448364035,0.565010004493408,24.910032,0.5698201978434011,25.0810908426997
21.123911753570948,0.5846300556288063,25.799675999999998,0.5747568171052029,25.32061922846647
21.194481423860296,0.5842940581961008,25.799675999999998,0.5779358974688354,25.480304818977647
21.288448031892663,0.6039778831716603,26.68932,0.5866165593697771,25.883309879318432
21.40570309066392,0.6235095114673384,27.578964,0.5989142100689642,26.448527919545622
21.499344371240824,0.6230276958812498,27.578964,0.6069520386730595,26.82533994636375
21.59284079209521,0.6426270609956274,28.468608,0.6188437127805821,27.373095964242502
21.686192192330907,0.6421278241763536,28.468608,0.6266050832458393,27.738266642828336
21.802677268056236,0.621455527180335,27.578964,0.6248885645573379,27.68516576188556
21.895701802132653,0.5208134567774807,23.130744,0.5901968619640522,26.167025174590375
21.988580817308378,0.5204054163191091,23.130744,0.5669330467490711,25.15493144972692
22.104474728542662,0.5398902845346834,24.020388,0.5579187926776085,24.776750299817948
22.173901711271274,0.559555414332616,24.910032,0.5584643332292777,24.821177533211966
22.266343308972598,0.5591136721306069,24.910032,0.5586807795297207,24.850795688807978
22.35863882556847,0.5586711760161325,24.910032,0.5586775783585246,24.870541125871988
22.473802594206273,0.5381842585713974,24.020388,0.5518464717628155,24.587156750581325
22.565768951445193,0.5178390732631921,23.130744,0.540510672262941,24.101685833720886
22.65758881159643,0.5373269629109606,24.020388,0.5394494358122809,24.074586555813926
22.749262053928113,0.536897273491401,24.020388,0.5385987150386543,24.056520370542618
22.81792069701621,0.5564476892651998,24.910032,0.5445483731141695,24.341024247028415
22.932168219128084,0.5360358527234388,24.020388,0.5417108663172593,24.234145498018943
23.023400917403954,0.5356041377952917,24.020388,0.5396752901432701,24.162892998679297
23.114486548640954,0.5351717640730747,24.020388,0.5381741147865383,24.115391332452866
23.22813661659581,0.5346303828932808,24.020388,0.5369928708221191,24.08372355496858
23.318890971905244,0.5539816142663975,24.910032,0.5426557853035452,24.359159703312386
23.40949793433781,0.5337620979036417,24.020388,0.5396912228369107,24.246235802208258
23.522549224321263,0.5134693271496259,23.130744,0.5309505909411492,23.874405201472175
23.61282421660206,0.5130496175464077,23.130744,0.5249835998095687,23.626518134314786
23.680433547601545,0.5127344517368314,23.130744,0.5209005504519896,23.46126008954319
23.770450037905757,0.4926093512814263,22.2411,0.5114701507284685,23.054540059695462
23.88276275980749,0.4724187839489997,21.351456,0.49845302846864553,22.486845373130308
23.972446530875757,0.4720292460994494,21.351456,0.48964510101224684,22.10838224875354
24.084343116367513,0.4715416062398373,21.351456,0.483610602754777,21.856073499169028
24.17369379703172,0.47115092880864456,21.351456,0.4794573781060662,21.687867666112687
24.26289632769295,0.4707597561927692,21.351456,0.4765581708016338,21.575730444075127
24.35195064515645,0.47036809530636847,21.351456,0.47449481230321205,21.500972296050087
24.463060025877994,0.48945608651909756,22.2411,0.47948190370850724,21.74768153070006
24.55178064848521,0.46948510870568233,21.351456,0.4761496387075656,21.61560635380004
24.618223732418233,0.4496406579436992,20.461812,0.46731331178627683,21.231008235866693
24.72877665111553,0.42964006144703953,19.572168,0.45475556167319775,20.678061490577797
24.817051933625933,0.40976611980823674,18.682524,0.4397590810515441,20.012882327051866
24.90517867690107,0.4094208819166055,18.682524,0.4296463480065646,19.56942955136791
24.993156839621598,0.409075259949102,18.682524,0.42278931865407704,19.27379436757861
25.08098638341,0.4281925578446419,19.572168,0.4245903983842653,19.37325224505241
25.146760988639784,0.42792044420268543,19.572168,0.42570041365707206,19.439557496701607
25.27805929002234,0.4273755688509923,19.572168,0.42625879872171213,19.483760997801074
25.343582961146947,0.4465165764457535,20.461812,0.4330113912963926,19.80977799853405
25.45260314521764,0.4266477542380389,19.572168,0.430890178943608,19.730574665689367
25.53965192511125,0.40690678375117995,18.682524,0.42289571387946534,19.381224443792913
25.62655191171447,0.40655855082515713,18.682524,0.4174499928613626,19.148324295861944
25.71330308742603,0.40620998139980147,18.682524,0.41370332237417556,18.99305753057463
25.82153276944823,0.40577380502572175,18.682524,0.4110601499246909,18.889546353716423
25.907949070717127,0.4054244991081519,18.682524,0.4091815996525113,18.820538902477615
26.015760127750795,0.38570230463894256,17.792880000000004,0.4013551679813217,18.477985934985078
26.101841510989882,0.38536895790077835,17.792880000000004,0.39602643128780723,18.249617289990056
26.166304860171476,0.3851187564867951,17.792880000000004,0.39239053968746984,18.09737152666004
26.252125741307363,0.3655456584863232,16.903236,0.3834422459537543,17.699326351106695
26.3591925141562,0.3651488321363278,16.903236,0.3773444413479455,17.433962900737797
26.44467847589948,0.36483107618169636,16.903236,0.3731733196258624,17.257053933825198
26.530015596038687,0.3645130634491249,16.903236,0.37028656756694994,17.13911462255013
26.615203885335863,0.36419479883674805,16.903236,0.368255977990216,17.060488415033422
26.721479974179122,0.3637966212898966,16.903236,0.3667695257567762,17.008070943355616
26.80633344683928,0.3634778077369942,16.903236,0.36567228641684885,16.973125962237077
26.869875914602318,0.3823563603739234,17.792880000000004,0.37123364440254036,17.246377308158053
26.9544690397645,0.3629193187420944,16.903236,0.368462202515725,17.13199687210537
27.06000128572185,0.3625199695291145,16.903236,0.3664814581868548,17.055743248070247
27.14425978622058,0.34313706966096696,16.013592,0.35869999534489216,16.7083594987135
27.228369610340938,0.32378763129826055,15.123948,0.34706254066268166,16.18022233247567
27.396143358341547,0.3232145298273485,15.123948,0.3391132037175706,15.828130888317114
27.41707328430133,0.3231428403725279,15.123948,0.333789749269223,15.593403258878077
27.50070014113982,0.3228559703239254,15.123948,0.3301451562874571,15.436918172585386
27.58417847272566,0.30359428123508814,14.234304,0.3212948646033341,15.036046781723591
27.646689776812998,0.30339155351033376,14.234304,0.3153270942390007,14.768799187815729
27.750689729960854,0.2841126334096201,13.34466,0.3049222739625405,14.294086125210486
27.83372274641215,0.30278283915976617,14.234304,0.3042091290282824,14.274158750140325
27.937305414619345,0.3024443321063073,14.234304,0.303620863387624,14.260873833426883
28.02000473006111,0.3210591970457411,15.123948,0.3094336412736631,14.54856522228459
28.102555820258644,0.32077114017741293,15.123948,0.31321280757491304,14.740359481523061
28.205536327298084,0.3204108627516252,15.123948,0.31561215930048375,14.868222321015375
28.287754120108353,0.32012248057143755,15.123948,0.317115599724135,14.953464214010252
28.36982387897161,0.319833960227438,15.123948,0.31802171989190264,15.010292142673503
28.431279089008342,0.31961748165849874,15.123948,0.318553640480768,15.048177428449003
28.533519551382696,0.3192565207076896,15.123948,0.31878793388974186,15.07343428563267
28.615145598652617,0.30020480876112,14.234304,0.3125935588468679,14.79372419042178
28.696623879383758,0.28118697820532335,13.34466,0.3021246986330197,14.31070279361452
28.777954465815583,0.2622030538358655,12.455016,0.288817483700635,13.692140529076347
28.859137432306653,0.24325305952964849,11.565372,0.27362934231030617,12.9832176860509
28.960408666559175,0.24297643438806293,11.565372,0.26341170633622507,12.510602457367268
29.04125977091202,0.24275504242056012,11.565372,0.25652615169767007,12.195525638244847
29.101801387132852,0.24258894674399337,11.565372,0.2518804167131112,11.985474425496566
29.182394659204547,0.26101106682314607,12.455016,0.2549239667497895,12.141988283664377
29.282929235525394,0.2607127455951184,12.455016,0.2568535596982325,12.246330855776252
29.443306528441347,0.2602351888991529,12.455016,0.2579807694318726,12.315892570517502
29.463312351572164,0.26017547429416965,12.455016,0.25871233771930496,12.362267047011668
29.543243843021713,0.2599365734144054,12.455016,0.2591204162843384,12.393183364674446
29.62302852323115,0.2596976068276265,12.455016,0.25931281313210114,12.413794243116298
29.702666487740096,0.2409258219561949,11.565372,0.25318381607346574,12.1309868287442
29.762298737497765,0.22223937092477059,10.675728,0.24286900102390066,11.645900552496133
29.881315986470526,0.20343757284454522,9.786084,0.22972519163078217,11.02596170166409
29.9407010711044,0.20329661180569564,9.786084,0.22091566502242,10.612669134442728
30.03949334068259,0.2030616270305122,9.786084,0.2149643190251174,10.337140756295152
30.11836269047062,0.20287359700539626,9.786084,0.21093407835187702,10.153455170863436
30.197085964418193,0.20268553189054467,9.786084,0.20818456286476625,10.030998113908959
30.275663271569833,0.22090629153893296,10.675728,0.21242513908948849,10.245908075939306
30.37367980872481,0.22064974754911737,10.675728,0.21516667524269809,10.389181383959539
30.45192909853577,0.20207410472435833,9.786084,0.21080248506991817,10.188148922639693
30.53003278823612,0.20188591513359558,9.786084,0.20783029509114395,10.054127281759795
30.627457827919734,0.1833187684224067,8.896440000000002,0.19965978620156488,9.668231521173198
30.6858038352075,0.18319042492867765,8.896440000000002,0.19416999911060248,9.410967680782132
30.763471430715448,0.18301928508532905,8.896440000000002,0.1904530944355113,9.239458453854756
30.840993902553357,0.1828481296590875,8.896440000000002,0.18791810617670338,9.125118969236505
30.918371374050665,0.18267696057096589,8.896440000000002,0.18617105764145755,9.048892646157672
31.014889497255133,0.18246298290556756,8.896440000000002,0.18493503272949421,8.998075097438448
31.091941177453783,0.18229179003868143,8.896440000000002,0.1840539518325566,8.964196731625634
31.168848269475646,0.18212058966895275,8.896440000000002,0.18340949777802198,8.94161115441709
31.226433780794274,0.18199218559283797,8.896440000000002,0.18293706038296065,8.926554102944728
31.379598308766006,0.18164976518298542,8.896440000000002,0.1825079619829689,8.91651606862982
31.398703326883634,0.18160696217453645,8.896440000000002,0.18220762871349142,8.909824045753215
31.4750333844647,0.18143575036473306,8.896440000000002,0.18195033593057197,8.905362697168812
31.570243583342815,0.16309956441310527,8.006796,0.17566674542474972,8.605840464779208
31.64625001240408,0.16294547956012284,8.006796,0.17142632346987408,8.406158976519473
31.72211283288118,0.16279139990500446,8.006796,0.16854801561491753,8.273037984346315
31.81673962443282,0.1445322756335167,7.117152,0.1605427689544506,7.887742656230877
31.892279844761674,0.14439533153325465,7.117152,0.15516028981405194,7.630879104153919
32.080504461707264,0.1440530146606313,7.117152,0.15145786476291173,7.459636736102612
32.118042229136336,0.14398456011093916,7.117152,0.14896676321225422,7.345475157401742
32.19301075678597,0.14384766121314915,7.117152,0.1472603958792192,7.269367438267828
32.26783673356579,0.1437107770549512,7.117152,0.14607718960446323,7.218628958845219
32.36116897360076,0.14353969465074276,7.117152,0.14523135795322306,7.184803305896813
32.4356747676111,0.1254774925274838,6.227508,0.13864673614464332,6.865704870597876
32.51003850869126,0.1253577689608762,6.227508,0.13421708041672095,6.652972580398584
32.602793660968096,0.1252081397897577,6.227508,0.1312141002077332,6.511151053599057
32.67683835551301,0.12508845808576818,6.227508,0.12917221950041152,6.4166033690660385
32.732278981400995,0.124998710177205,6.227508,0.12778104972600934,6.353571579377359
32.80607608430129,0.12487906503548112,6.227508,0.12681372149583328,6.311550386251573
32.89812383545436,0.12472954030522808,6.227508,0.1261189944322982,6.28353625750105
32.97160333257825,0.1246099472423062,6.227508,0.12561597870230087,6.264860171667367
33.04494193723903,0.1244903791346204,6.227508,0.12524077884640739,6.252409447778245
33.11813981465212,0.12437083708411373,6.227508,0.12495079825897616,6.244108965185497
33.24589797641502,0.12416170448176031,6.227508,0.1246877669999042,6.2385753101236645
33.28232136875735,0.12410196839554154,6.227508,0.12449250079844998,6.23488620674911
33.33689075353379,0.10629632415045812,5.337864,0.11842710858245269,5.935878804499406
33.427664695598324,0.10616837086791367,5.337864,0.11434086267760635,5.736540536332938
33.50012651266343,0.10606603873623431,5.337864,0.11158258803048234,5.603648357555292
33.57244866179199,0.10596373468839469,5.337864,0.10970963691645312,5.515053571703528
33.644631316607565,0.10586145961980092,5.337864,0.10842691115090237,5.455990381135686
33.734663737536906,0.08811138157449876,4.448220000000001,0.10165506795876783,5.120066920757124
33.80653317064581,0.10563145126334278,5.337864,0.10298052906029281,5.192665947171417
33.87826368125862,0.08794106373378759,4.448220000000001,0.09796737395145773,4.944517298114278
33.96773173136039,0.07026773606802983,3.558576,0.08873416132364842,4.482536865409519
34.039150319537534,0.0701996694180288,3.558576,0.08255599735510855,4.174549910273012
34.09262346545744,0.07014863455348917,3.558576,0.07842020975456876,3.9692252735153417
34.16380007859025,0.07008060868409517,3.558576,0.07564034273107756,3.8323421823435613
34.25257677426078,0.06999561026887202,3.558576,0.07375876524367571,3.741086788229041
34.32344309774787,0.06992763935122222,3.558576,0.07248172327952455,3.680249858819361
34.39417181391185,0.06985969375468903,3.558576,0.07160771343791271,3.639691905879574
34.48238948148041,0.0697747981991391,3.558576,0.07099674169165483,3.612653270586383
34.55280926078234,0.05228018367531666,2.668932,0.0647578890195421,3.2980795137242556
34.62309203902895,0.052229289012723994,2.668932,0.0605816890172694,3.0883636758161703
34.67571432914316,0.05219113158564344,2.668932,0.057784836540060745,2.94855311721078
34.76324734734008,0.052127562216932904,2.668932,0.05589907843235146,2.85534607814052
34.83312025715216,0.03471782058223271,1.779288,0.04883865914897854,2.4966600520936804
34.90285692537893,0.05202592142046392,2.668932,0.04990107990614034,2.5540840347291205
34.9724575440934,0.0346500894968167,1.779288,0.044817416436365796,2.2958186898194137
35.05926729185792,0.03460778812570339,1.779288,0.04141420699947833,2.1236417932129426
35.12856250585791,0.03457396435776561,1.779288,0.039134126118907424,2.008857195475295
35.197722300440816,0.03454015626564899,1.779288,0.03760280283448795,1.9323341303168635
35.24950339504034,0.034514810633792296,1.779288,0.03657347210092273,1.8813187535445757
35.40439112802947,0.03443882852578703,1.779288,0.03586192424254416,1.8473085023630504
35.473011209267504,0.034405085608322235,1.779288,0.03537631136447019,1.824635001575367
35.64397370331016,0.017160401390183752,0.889644,0.029304341373041377,1.512971334383578
35.6950990779806,0.017147769543166203,0.889644,0.025252150763082987,1.3051955562557187
35.780140850160954,0.017126727533421593,0.889644,0.022543676353195857,1.166678370837146
35.84802402818115,0.01710990401798687,0.889644,0.020732418908126195,1.0743335805580974
35.89884890489569,0.017097292344200408,0.889644,0.019520710053484266,1.0127703870387317
35.966498894609245,0.017080484821124065,0.889644,0.018707301642697533,0.9717282580258212
36.118225511205225,0.017042702048856436,0.889644,0.018152435111417165,0.9443668386838808
36.13504257237827,0.01703850692305808,0.889644,0.01778112571529747,0.9261258924559206
36.2525303809556,0.01700915789286714,0.889644,0.01752380310782069,0.9139652616372804
36.2525303809556,0.01700915789286714,0.889644,0.017352254702836172,0.9058581744248536
36.336202500270645,0.01698821257596452,0.889644,0.01723090732721229,0.9004534496165691
36.402991860462855,0.0,0.0,0.011487271551474859,0.6003022997443795
36.402991860462855,0.0,0.0,0.007658181034316573,0.40020153316291973
36.47500576404066,-0.01717614267221729,-0.889644,-0.0006199268678613815,-0.029746977891386795
36.54687105760655,-0.017158406559624022,-0.889644,-0.006132753431782261,-0.31637931859425783
36.63649404848273,-0.017136250086788585,-0.889644,-0.009800585650117703,-0.5074675457295053
36.69015675206487,-0.017122963594821135,-0.889644,-0.01224137829835218,-0.6348596971530035
36.76157762385865,-0.01710525701403859,-0.889644,-0.013862671203580984,-0.7197877981020023
36.850646082966186,-0.017083138025526457,-0.889644,-0.014936160144229474,-0.7764065320680016
36.92173503545326,-0.034130908772449974,-1.779288,-0.021334409686969643,-1.1107003547120011
36.99267685548616,-0.03409556231427847,-1.779288,-0.025588127229405917,-1.333562903141334
37.08114759040003,-0.03405140891617277,-1.779288,-0.02840922112499487,-1.4821379354275561
37.15175923917704,-0.05102416537651065,-2.668932,-0.035947535875500126,-1.877735956951704
37.22222453667681,-0.050971249863957624,-2.668932,-0.040955440538319295,-2.141467971301136
37.29254372492404,-0.05091836721510956,-2.668932,-0.04427641609724938,-2.3172893142007576
37.38023761403201,-0.05085231068960296,-2.668932,-0.04646838096136724,-2.4345035428005053
37.43274474553593,-0.05081270200507327,-2.668932,-0.047916487975935916,-2.5126463618670036
37.50262706568508,-0.0507599201834624,-2.668932,-0.048864298711778074,-2.5647415745780027
37.57236425212348,-0.06760956360632742,-3.558576,-0.05511272034329453,-2.8960197163853354
37.58977590036591,-0.0675919883247246,-3.558576,-0.05927247633710455,-3.116871810923557
37.72874355013206,-0.06745149107875109,-3.558576,-0.06199881458432007,-3.2641065406157046
37.79801075227885,-0.08422664153570379,-4.448220000000001,-0.06940809023478131,-3.658811027077137
37.8671338695454,-0.08413897898024766,-4.448220000000001,-0.07431838648327009,-3.9219473513847585
37.95333552543198,-0.08402948569954544,-4.448220000000001,-0.07755541955536187,-4.097371567589839
38.004948844154896,-0.08396383544741313,-4.448220000000001,-0.07969155818604562,-4.214321045059894
38.07364120043018,-0.08387635560925641,-4.448220000000001,-0.08108649066044922,-4.292287363373263
38.14219046966438,-0.10054672536825573,-5.337864,-0.0875732355630514,-4.640812908915509
38.22767622246778,-0.10041570436559492,-5.337864,-0.09185405849723256,-4.8731632726103395
38.29590446440338,-0.10031097292813704,-5.337864,-0.09467302997420073,-5.02806351507356
38.363990437107844,-0.10020631807751716,-5.337864,-0.09651745934197287,-5.131330343382373
38.448898222113066,-0.10007560819779988,-5.337864,-0.09770350896058187,-5.200174895588249
38.51666501430458,-0.08330927334933248,-4.448220000000001,-0.09290543042349875,-4.9495232637255
38.56739727089655,-0.09989281947316796,-5.337864,-0.09523456010672182,-5.078970175817
38.66862352431375,-0.09973633617848103,-5.337864,-0.09673515213064156,-5.165268117211333
38.719117736349524,-0.08304846829325287,-4.448220000000001,-0.09217292418484534,-4.926252078140889
38.78632027572466,-0.09955400014820515,-5.337864,-0.09463328283929862,-5.063456052093926
38.87012600828752,-0.11599456405366061,-6.227508,-0.10175370991075261,-5.451473368062618
38.93701295370437,-0.11587325588588199,-6.227508,-0.10646022523579574,-5.710151578708412
39.0037600525876,-0.11575204392875751,-6.227508,-0.10955749813344966,-5.882603719138941
39.070367562462806,-0.11563092886612346,-6.227508,-0.11158197504434092,-5.997571812759294
39.15343104578876,-0.11547967232596666,-6.227508,-0.1128812074715495,-6.074217208506196
39.219725424199694,-0.11535877773939314,-6.227508,-0.11370706422749738,-6.125314139004131
39.26935513972748,-0.11526817177695357,-6.227508,-0.11422743341064945,-6.159378759336088
39.33540687732373,-0.11514745098882946,-6.227508,-0.11453410593670944,-6.1820885062240585
39.417777102285065,-0.1314247897097766,-7.117152,-0.12016433386106518,-6.493776337482706
39.48351804150866,-0.1312870818020347,-7.117152,-0.12387191650805501,-6.701568224988471
39.54912127105255,-0.131149490056413,-7.117152,-0.12629777435750766,-6.8400961499923145
39.61458705168836,-0.13101201518867614,-7.117152,-0.12786918796789715,-6.932448099994876
39.6962263877814,-0.13084033704139844,-7.117152,-0.12885957099239756,-6.994016066663251
39.76138386358528,-0.13070312772580348,-7.117152,-0.12947408990353285,-7.035061377775501
39.8101623129613,-0.13060029889431535,-7.117152,-0.12984949290046036,-7.062424918517001
39.875080912405664,-0.1304632985412768,-7.117152,-0.13005409478073252,-7.080667279011334
39.956037745477225,-0.14657874458458398,-8.006796,-0.13556231138201633,-7.389376852674223
40.02065039913406,-0.14642492485999659,-8.006796,-0.13918318254134307,-7.595183235116149
40.101225631744015,-0.1462328430420604,-8.006796,-0.14153306937491553,-7.732387490077433
40.16553367120586,-0.1460793327521718,-8.006796,-0.14304849050066762,-7.823856993384956
40.229706754803566,-0.14592596117155984,-8.006796,-0.14400764739096503,-7.884836662256638
40.293745146415745,-0.1457727290163675,-8.006796,-0.14459600793276586,-7.925489774837759
40.373604127715915,-0.14558138596711642,-8.006796,-0.14492446727754937,-7.9525918498918395
40.42141891038635,-0.19395558107453856,-10.675728,-0.16126817187654577,-8.860303899927892
40.48505481166207,-0.17760584861819667,-9.786084,-0.16671406412376275,-9.168897266618595
40.548557078768276,-0.1451612086869948,-8.006796,-0.15952977897817344,-8.781530177745731
40.62774739330355,-0.14497057537745978,-8.006796,-0.15467671111126888,-8.523285451830487
40.690949952665534,-0.1448182303499836,-8.006796,-0.1513905508575071,-8.351122301220325
40.7540197397452,-0.14466602969811448,-8.006796,-0.14914904380437624,-8.236346867480217
40.816957020120746,-0.1766281905323435,-9.786084,-0.15830875938036534,-8.75292591165348
40.89544268789453,-0.19243214594569258,-10.675728,-0.16968322156880777,-9.39385994110232
40.94243512388506,-0.1922804006106104,-10.675728,-0.17721561458274201,-9.821149294068213
41.00497647921701,-0.19207824497551065,-10.675728,-0.1821698247136649,-10.106008862712143
41.06738639171398,-0.19187628607193916,-10.675728,-0.18540531183308964,-10.295915241808096
41.14521434657211,-0.19162411533768262,-10.675728,-0.18747824633462062,-10.422519494538731
41.20732948658332,-0.22332636905442024,-12.455016,-0.19942762057455385,-11.100018329692487
41.26931404971004,-0.22309150278460377,-12.455016,-0.20731558131123715,-11.551684219794991
41.34661153615145,-0.19096992719088496,-10.675728,-0.2018670299377864,-11.25969881319666
41.40830327647427,-0.1748716425693632,-9.786084,-0.19286856748164535,-10.768493875464442
41.469865306951576,-0.17468770358075175,-9.786084,-0.18680827951468082,-10.441023916976295
41.54663584727746,-0.17445804109713306,-9.786084,-0.18269153337549823,-10.222710611317531
41.592601306268,-0.17432038345103532,-9.786084,-0.17990115006734395,-10.077168407545022
41.669049324267874,-0.20574413129853314,-11.565372,-0.188515477144407,-10.573236271696683
41.79094850194095,-0.2684842246531441,-15.123948,-0.21517172631398604,-12.090140181131122
41.851705896546875,-0.25242519166717375,-14.234304,-0.22758954809838194,-12.804861454087415
41.912335518006564,-0.20487969489270255,-11.565372,-0.22001959702982213,-12.391698302724945
41.972837633604634,-0.18892075074523354,-10.675728,-0.20965331493495928,-11.819708201816631
42.04828638019835,-0.17294963989141474,-9.786084,-0.19741875658711108,-11.141833467877754
42.0934604164189,-0.17281315471695766,-9.786084,-0.18921688929705993,-10.68991697858517
42.153581618247365,-0.18832510121157164,-10.675728,-0.18891962660189718,-10.68518731905678
42.2135763834245,-0.18812697132593856,-10.675728,-0.18865540817657764,-10.68203421270452
42.28839244554515,-0.18787960583210517,-10.675728,-0.1883968073950868,-10.679932141803015
42.34810370548507,-0.2033221143340716,-11.565372,-0.1933719097080817,-10.97507876120201
42.40768939736286,-0.20310821917444014,-11.565372,-0.19661734619686785,-11.171843174134674
42.48199533916892,-0.2184443421882753,-12.455016,-0.203893011527337,-11.599567449423116
42.54129947976126,-0.2182145538289219,-12.455016,-0.20866685896119863,-11.884716966282078
42.58569573632109,-0.20246792119723855,-11.565372,-0.20660054637321193,-11.778268644188053
42.64478182740675,-0.2178130264985326,-12.455016,-0.2103380397483188,-12.003851096125368
42.71846477045305,-0.23306431314786386,-13.34466,-0.21791346421483382,-12.450787397416912
42.77727171352875,-0.20177662930993795,-11.565372,-0.2125345192465352,-12.155648931611276
42.850606565917005,-0.2325131617718499,-13.34466,-0.21919406675497344,-12.551985954407519
42.90913571173038,-0.2632377995459839,-15.123948,-0.2338753110186436,-13.40930663627168
42.9675418254137,-0.2320244039190068,-13.34466,-0.23325834198543136,-13.387757757514454
43.02582517349071,-0.20087637632076624,-11.565372,-0.22246435343054297,-12.78029583834297
43.09850712531821,-0.20061240943262776,-11.565372,-0.21518037209790455,-12.375321225561981
43.156515224715456,-0.20040150349735839,-11.565372,-0.21025408256438916,-12.105338150374655
43.19994128774106,-0.20024348049018637,-11.565372,-0.20691721520632156,-11.925349433583104
43.257736236481875,-0.2615816051469979,-15.123948,-0.22513867851988034,-12.99154895572207
43.329809186084425,-0.23050409820989815,-13.34466,-0.22692715174988629,-13.109252637148048
43.387331280652475,-0.21491105940382216,-12.455016,-0.2229217876345316,-12.891173758098699
43.45906400329333,-0.2759513143889838,-16.013592,-0.24059829655268236,-13.931979838732467
43.516314588506425,-0.2603468457648134,-15.123948,-0.24718114629005936,-14.329302559154979
43.530608437013356,-0.2449679389220241,-14.234304,-0.24644341050071428,-14.297636372769986
43.63045530531596,-0.21395303533433643,-12.455016,-0.23561328544525498,-13.683429581846658
43.673134509898645,-0.2137844610282203,-12.455016,-0.22833701063957676,-13.273958387897773
43.74411718418593,-0.21350383102917136,-12.455016,-0.22339261743610828,-13.00097759193185
43.80076922134649,-0.21327962204883358,-12.455016,-0.22002161897368336,-12.818990394621235
43.85730234301615,-0.21305567583643895,-12.455016,-0.21769963792793523,-12.697665596414158
43.927801922807994,-0.2431727009344426,-14.234304,-0.22619065893010437,-13.209878397609438
43.98406845065237,-0.21255276007248522,-12.455016,-0.22164469264423134,-12.958257598406293
44.04021692125863,-0.1971632660419648,-11.565372,-0.2134842171101425,-12.49396239893753
44.09624759828935,-0.21210684691865866,-12.455016,-0.21302509371298126,-12.480980265958355
44.16612069870512,-0.1966980689516133,-11.565372,-0.2075827521258586,-12.175777510638904
44.20795662525009,-0.19654328062575252,-11.565372,-0.2039029282924899,-11.972309007092603
44.26363550146664,-0.2567485315858788,-15.123948,-0.22151812939028623,-13.022855338061737
44.31919763667134,-0.241392235806533,-14.234304,-0.22814283152903514,-13.426671558707826
44.388486538656025,-0.31641207092134693,-18.682524,-0.2575659113264724,-15.178622372471885
44.44378696635342,-0.2859774425366703,-16.903236,-0.2670364217298717,-15.753493581647923
44.498971505637805,-0.24057066148815753,-14.234304,-0.2582145016493003,-15.247097054431949
44.56778961053799,-0.2702874740687301,-16.013592,-0.26223882578911023,-15.5025953696213
44.62271435788096,-0.28500448242747045,-16.903236,-0.269827378001897,-15.969475579747535
44.66383241021104,-0.2398151580388035,-14.234304,-0.25982330468086584,-15.391085053165023
44.74587482820115,-0.29929805533533455,-17.792880000000004,-0.27298155489902204,-16.191683368776683
44.7867994138983,-0.29906293434507036,-17.792880000000004,-0.28167534804770483,-16.725415579184457
44.8412655731788,-0.26887479958651994,-16.013592,-0.2774084985606432,-16.48814105278964
44.90918799628972,-0.22376915574695658,-13.34466,-0.25952871762274765,-15.440314035193094
44.96339803081321,-0.20863261100475972,-12.455016,-0.242563348750085,-14.44521469012873
45.01749465423342,-0.1935275467612958,-11.565372,-0.2262180814204886,-13.485267126752488
45.0714781259278,-0.23793854024507838,-14.234304,-0.2301249010286852,-13.73494608450166
45.125348704993456,-0.326823256687536,-19.572168,-0.26235768624830214,-15.680686723001108
45.192528567824425,-0.28188750877312396,-16.903236,-0.2688676270899094,-16.088203148667404
45.232752220202606,-0.23719277635296954,-14.234304,-0.25830934351092943,-15.470236765778271
45.25953294515767,-0.22225195761195074,-13.34466,-0.24629021487793654,-14.761711177185514
45.33970726688766,-0.20711001315939687,-12.455016,-0.2332301476384233,-13.992812784790344
45.40632734969907,-0.2068395266335892,-12.455016,-0.22443327397014526,-13.480213856526897
45.45949820199721,-0.3246939851934776,-19.572168,-0.25785351104458937,-15.510865237684598
45.51255803139323,-0.29486805344741124,-17.792880000000004,-0.27019169184553,-16.271536825123068
45.56550709453092,-0.2356481185777114,-14.234304,-0.2586771674229238,-15.592459216748713
45.6315380488751,-0.25004944510827287,-15.123948,-0.2558012599847068,-15.43628881116581
45.67107394703497,-0.2792482379887332,-16.903236,-0.2636169193193823,-15.925271207443874
45.72369224810742,-0.24959296726702568,-15.123948,-0.25894226863526343,-15.658163471629251
45.789310828456415,-0.307918723017852,-18.682524,-0.27526775342945964,-16.666283647752834
45.84168256672539,-0.27830257825908156,-16.903236,-0.27627936170600026,-16.745267765168556
45.90699374980062,-0.24868308087839444,-15.123948,-0.2670806014301316,-16.204827843445706
45.95912021432402,-0.3361028778158745,-20.461812,-0.2900880268920459,-17.62382256229714
46.01113808106824,-0.29195880776804667,-17.792880000000004,-0.2907116205173795,-17.680175041531427
46.06304760356709,-0.23332371038458252,-14.234304,-0.2715823171397805,-16.531551361020952
46.127782533282165,-0.20389248659868411,-12.455016,-0.24901904029274835,-15.172706240680636
46.1794492064276,-0.2764231145742385,-16.903236,-0.25815373171991174,-15.749549493787091
46.218128635758454,-0.24713282327202604,-15.123948,-0.2544800955706165,-15.541015662524728
46.26960730969887,-0.31948609942500084,-19.572168,-0.27614876352207796,-16.88473310834982
46.33380509783273,-0.2900642282889617,-17.792880000000004,-0.28078725177770586,-17.18744873889988
46.385043191281255,-0.24629815008333167,-15.123948,-0.2692908845462478,-16.49961515926659
46.43617476815109,-0.3328804109468973,-20.461812,-0.2904873933464643,-17.82034743951106
46.487200079056926,-0.30361833672818767,-18.682524,-0.2948643744737054,-18.10773962634071
46.55083266237989,-0.2454670337867702,-15.123948,-0.27839859424472696,-17.113142417560475
46.601619789274785,-0.25963625877787994,-16.013592,-0.2721444824224446,-16.746625611706985
46.6396409166262,-0.3026729813585304,-18.682524,-0.2823206487344732,-17.391925074471324
46.69024366245699,-0.24476656391317014,-15.123948,-0.2698026204607055,-16.63593271631422
46.753349441683596,-0.215690305193953,-13.34466,-0.2517651820384547,-15.538841810876146
46.80371624526886,-0.21546648664667575,-13.34466,-0.23966561690786173,-14.80744787391743
46.85397858873269,-0.2152429663103385,-13.34466,-0.23152473337535398,-14.319851915944954
46.904136719592756,-0.272358342765175,-16.903236,-0.2451359365052943,-15.180979943963303
46.96668821064583,-0.3149536667397698,-19.572168,-0.2684085132501195,-16.644709295975535
47.01661276612878,-0.25742230313656106,-16.013592,-0.26474644321226665,-16.43433686398369
47.05398830591743,-0.21435186905653503,-13.34466,-0.24794825182702276,-15.404444575989128
47.116151890400104,-0.28543250790347247,-17.792880000000004,-0.260443003852506,-16.200589717326086
47.16576695051301,-0.24236642339843864,-15.123948,-0.25441747703448353,-15.841709144884058
47.215279336165466,-0.21363137096192997,-13.34466,-0.24082210834363235,-15.009359429922705
47.277025804967344,-0.21335509683474135,-13.34466,-0.23166643784066868,-14.454459619948471
47.32630806703424,-0.19892545294267722,-12.455016,-0.22075277620800485,-13.787978413298982
47.37548844833529,-0.19871976125796847,-12.455016,-0.21340843789132605,-13.343657608865989
47.42456719222397,-0.28359192671621625,-17.792880000000004,-0.23680293416628947,-14.826731739243995
47.44906852607506,-0.26927308536114125,-16.903236,-0.2476263178979067,-15.518899826162663
47.52242073913521,-0.21225467262910622,-13.34466,-0.2358357694749732,-14.794153217441776
47.571196026816274,-0.2685782812149675,-16.903236,-0.2467499400549713,-15.497180811627851
47.61987064639831,-0.2400588098306121,-15.123948,-0.24451956331351823,-15.37276987441857
47.680572723918395,-0.21154340736368635,-13.34466,-0.23352751133024094,-14.69673324961238
47.72902172187342,-0.21132519236943234,-13.34466,-0.22612673834330474,-14.246042166408253
47.7773708344072,-0.19703345818199486,-12.455016,-0.21642897828953478,-13.64903344427217
47.825620301451686,-0.21088966013090804,-13.34466,-0.21458253890332588,-13.54757562951478
47.88579237362502,-0.21061806033949335,-13.34466,-0.21326104604871501,-13.479937086343186
47.92182125668569,-0.19642496990718955,-12.455016,-0.20764902066820654,-13.138296724228791
47.969773222619516,-0.18220679199554263,-11.565372,-0.19916827777731858,-12.613988482819195
48.02957442509587,-0.18197237802630556,-11.565372,-0.19343631119364757,-12.264449655212799
48.07730467288115,-0.2237355551672844,-14.234304,-0.20353605918485984,-12.921067770141866
48.13682947913052,-0.20948244677964054,-13.34466,-0.20551818838312008,-13.062265180094577
48.18433920991811,-0.2092670743627137,-13.34466,-0.2067678170429846,-13.156396786729719
48.23175131741703,-0.1951152009806648,-12.455016,-0.202883611688878,-12.922603191153147
48.279066037482536,-0.19491474501766776,-12.455016,-0.20022732279847458,-12.766740794102098
48.326283605533284,-0.1947145681423869,-12.455016,-0.198389737913112,-12.662832529401399
48.385169303512534,-0.19446473944714307,-12.455016,-0.19708140509112237,-12.593560352934267
48.3969283114819,-0.19441482602039295,-12.455016,-0.19619254540087924,-12.54737890195618
48.46735574520643,-0.15251948766791493,-9.786084,-0.18163485948989114,-11.626947267970786
48.525879870744376,-0.19386692888391768,-12.455016,-0.18571221595456666,-11.902970178647191
48.57259123563747,-0.20750166042393953,-13.34466,-0.19297536411102426,-12.383533452431461
48.6308459040417,-0.20723594760162256,-13.34466,-0.19772889194122367,-12.70390896828764
48.67734229154005,-0.19322213235038302,-12.455016,-0.1962266387442768,-12.620944645525094
48.723743510274886,-0.1792368736998282,-11.565372,-0.19056338372946058,-12.269087097016731
48.77004979145526,-0.16528011188704125,-10.675728,-0.18213562644865414,-11.737967398011154
48.804717338403904,-0.1651532860127098,-10.675728,-0.17647484630333934,-11.383887598674104
48.86237846374257,-0.192432575748865,-12.455016,-0.1817940894518479,-11.740930399116069
48.90840131501826,-0.20596701690448074,-13.34466,-0.18985173193605887,-12.275506932744046
48.95433014907504,-0.20575657210610435,-13.34466,-0.195153345326074,-12.63189128849603
49.01160932868544,-0.2054939350536446,-13.34466,-0.19860020856859753,-12.869480858997354
49.057327460420204,-0.2052841604380337,-13.34466,-0.20082819252507625,-13.027873905998236
49.102952317374665,-0.16405974680298652,-10.675728,-0.18857204395104632,-12.243825270665491
49.14848412702401,-0.17755010358466097,-11.565372,-0.18489806382891785,-12.017674180443661
49.20526838711765,-0.19096415165274339,-12.455016,-0.18692009310352634,-12.163454786962442
49.25059166966925,-0.17714314619649837,-11.565372,-0.18366111080118366,-11.964093857974962
49.284523540036396,-0.1770077835353903,-11.565372,-0.18144333504591922,-11.83118657198331
49.329685426069055,-0.17682752525874984,-11.565372,-0.17990473178352942,-11.74258171465554
49.38600855195861,-0.17660256429442311,-11.565372,-0.17880400928716064,-11.68351180977036
49.43096394115957,-0.18999387602899398,-12.455016,-0.18253396486777174,-11.94067987318024
49.475827918540105,-0.18980065197917179,-12.455016,-0.18495619390490506,-12.112125248786827
49.531779683117,-0.18955951103776297,-12.455016,-0.18649063294919102,-12.226422165857885
49.57643880103893,-0.16231449378310783,-10.675728,-0.17843191989382998,-11.709524110571923
49.621007232418165,-0.14863717329682039,-9.786084,-0.16850033769482678,-11.068377407047949
49.67659058211961,-0.148448587689723,-9.786084,-0.16181642102645885,-10.6409462713653
49.70987292379047,-0.16182065348602226,-10.675728,-0.16181783184631332,-10.6525401809102
49.754170626741676,-0.16165651330720218,-10.675728,-0.16176405899994295,-10.660269453940135
49.79837852906537,-0.14803489207694676,-9.786084,-0.15718767002561088,-10.368874302626757
49.85351246042734,-0.14784739023563837,-9.786084,-0.15407424342895337,-10.174610868417838
49.8975191161498,-0.14769763225826602,-9.786084,-0.1519487063720576,-10.04510191227856
49.941436685556155,-0.1475480905832503,-9.786084,-0.15048183444245516,-9.958762608185706
49.98526538744053,-0.16079865281521227,-10.675728,-0.15392077390004086,-10.197751072123804
50.03992662740394,-0.17397830508279008,-11.565372,-0.16060661762762393,-10.653624714749203
50.07265706147668,-0.1471007620615311,-9.786084,-0.15610466577225965,-10.36444447649947
50.11622046887229,-0.13359280388562575,-8.896440000000002,-0.14860071181004833,-9.875109650999647
50.15969587923279,-0.14680362211746498,-9.786084,-0.14800168191252053,-9.845434433999765
50.213916726052,-0.1599472881135777,-10.675728,-0.15198355064620625,-10.122198955999844
50.2571949337523,-0.15978585810730392,-10.675728,-0.15458431979990547,-10.30670863733323
50.300385846150675,-0.15962466282698876,-10.675728,-0.15626443414226657,-10.429715091555487
50.34348967816423,-0.14617506026908106,-9.786084,-0.1529013095178714,-10.215171394370325
50.397247338039676,-0.15926283082605242,-10.675728,-0.1550218166205984,-10.36869026291355
50.429436958347786,-0.17240435736520965,-11.565372,-0.16081599686880216,-10.7675841752757
50.47228083399362,-0.14573370690474893,-9.786084,-0.15578856688078443,-10.440417450183801
50.5257144489543,-0.1323185267551963,-8.896440000000002,-0.14796522017225505,-9.925758300122535
50.56836461622769,-0.1321854167760693,-8.896440000000002,-0.1427052857068598,-9.582652200081691
50.62155676720787,-0.13201930293000527,-8.896440000000002,-0.1391432914479083,-9.353914800054461
50.66401429918848,-0.1450752936336851,-9.786084,-0.1411206255098339,-9.497971200036309
50.7063865585198,-0.13175415248115527,-8.896440000000002,-0.1379984678336077,-9.297460800024208
50.74867375563087,-0.13162186849450613,-8.896440000000002,-0.13587293472057385,-9.16378720001614
50.801413453081686,-0.13145678624365045,-8.896440000000002,-0.13440088522826607,-9.074671466677428
50.84351002712625,-0.13132493844097629,-8.896440000000002,-0.13337556963250283,-9.015260977784953
50.875027070831706,-0.14434879761743377,-9.786084,-0.13703331229414648,-9.27220198518997
50.91697611388335,-0.15731360467029862,-10.675728,-0.14379340975286384,-9.740043990126647
50.969294292879354,-0.13093055604339573,-8.896440000000002,-0.1395057918497078,-9.458842660084432
51.011054589146546,-0.1177195335453446,-8.006796,-0.1322437057482534,-8.974827106722955
51.052731334642274,-0.13066860035793193,-8.896440000000002,-0.13171867061814624,-8.948698071148637
51.094324735888144,-0.14359170298245963,-9.786084,-0.13567634807291737,-9.227826714099093
51.14619959844995,-0.15644978638253942,-10.675728,-0.14260082750945804,-9.710460476066062
51.156559017888476,-0.1564106881357076,-10.675728,-0.14720411438487457,-10.032216317377376
51.21860693223576,-0.15617640155423004,-10.675728,-0.15019487677465973,-10.246720211584918
51.259869012222595,-0.14301879051387834,-9.786084,-0.14780284802106594,-10.09317480772328
51.301048773461154,-0.1428760907614777,-9.786084,-0.1461605956012032,-9.990811205148853
51.352408024517224,-0.12972546611200653,-8.896440000000002,-0.1406822191048043,-9.62602080343257
51.403639367514195,-0.1166074886856988,-8.006796,-0.13265730896510247,-9.086279202288381
51.444532614001396,-0.11649133779256679,-8.006796,-0.1272686519075906,-8.726451468192254
51.48534445456916,-0.11637535895675284,-8.006796,-0.12363755425731134,-8.48656631212817
51.526075090766916,-0.11625955201740809,-8.006796,-0.12117822017734359,-8.326642874752114
51.5768744986512,-0.11611503482566521,-8.006796,-0.11949049172678412,-8.220027249834743
51.607293553885484,-0.12892050353198248,-8.896440000000002,-0.12263382899518356,-8.445498166556497
51.64778178154099,-0.12879240105767134,-8.896440000000002,-0.12468668634934615,-8.595812111037667
51.68818960629623,-0.12866448885146695,-8.896440000000002,-0.12601262051671977,-8.696021407358446
51.738586624064716,-0.14135535246360076,-9.786084,-0.13112686449901342,-9.05937560490563
51.77881426985016,-0.15405285731287172,-10.675728,-0.13876886210363285,-9.598159736603755
51.81896215836518,-0.15390010316861522,-10.675728,-0.14381260912529362,-9.957349157735838
51.86903516141446,-0.1409003568467785,-9.786084,-0.14284185836578858,-9.900260771823893
51.879034878492604,-0.11525354864560335,-8.006796,-0.13364575512572682,-9.269105847882596
51.94889435800744,-0.08948637907299145,-6.227508,-0.11892596310814836,-8.255239898588398
51.97876008571152,-0.10219423864712611,-7.117152,-0.11334872162114094,-7.875877265725599
52.01851214324596,-0.10209315890880831,-7.117152,-0.10959686738369673,-7.622968843817066
52.06809173710648,-0.11471289895149121,-8.006796,-0.11130221123962823,-7.750911229211378
52.10766726712526,-0.1273328508092812,-8.896440000000002,-0.11664575776284587,-8.132754152807586
52.147164656431755,-0.1272071130719991,-8.896440000000002,-0.12016620953256363,-8.387316101871725
52.19642680284444,-0.1143451845592626,-8.006796,-0.11822586787479661,-8.260476067914484
52.235749083316065,-0.11423240077479953,-8.006796,-0.11689471217479758,-8.175916045276322
52.2749938511234,-0.11411978566551359,-8.006796,-0.11596973667170292,-8.119542696850882
52.30437667496107,-0.11403543491728552,-8.006796,-0.11532496942023045,-8.081960464567254
52.353251617278396,-0.12655006749357461,-8.896440000000002,-0.11906666877801182,-8.353453643044837
52.392264998723746,-0.1137829505657753,-8.006796,-0.11730542937393297,-8.237901095363226
52.43120163370088,-0.10104089629304243,-7.117152,-0.11188391834696947,-7.864318063575484
52.47006171259138,-0.10094154120039625,-7.117152,-0.10823645929811172,-7.615262709050323
52.51852944348761,-0.11341975137555706,-8.006796,-0.10996422332392684,-7.745773806033549
52.557217964851894,-0.12589817074074877,-8.896440000000002,-0.11527553912953414,-8.129329204022367
52.59583054565234,-0.12577458122879132,-8.896440000000002,-0.11877521982928653,-8.385032802681579
52.64398976721128,-0.11305831966882933,-8.006796,-0.11686958644246746,-8.258953868454386
52.6728286387102,-0.10042236681909784,-7.117152,-0.11138717990134427,-7.878353245636258
52.71121452638147,-0.10032393992633719,-7.117152,-0.10769943324300857,-7.624619497090839
52.739954588661355,-0.10025021682505063,-7.117152,-0.10521636110368926,-7.455463664727226
52.797308145323186,-0.10010301991406788,-7.117152,-0.10351191404048214,-7.342693109818151
52.835450347718314,-0.10000507306798595,-7.117152,-0.10234296704965007,-7.267512739878767
52.88302323705045,-0.09988284668858441,-7.117152,-0.10152292692929483,-7.217392493252512
52.92099788304279,-0.0873120772268817,-6.227508,-0.09678597702849046,-6.887430995501675
52.95889835960038,-0.08722679218295253,-6.227508,-0.09359958207997782,-6.6674566636677834
52.98727515403837,-0.09961475735979862,-7.117152,-0.09560464050658475,-6.817355109111856
53.043904202234,-0.09946899447814155,-7.117152,-0.09689275849710367,-6.91728740607457
53.07215661047549,-0.0993962365830319,-7.117152,-0.09772725119241309,-6.983908937383047
53.109762244808344,-0.09929935401033076,-7.117152,-0.09825128546505231,-7.028323291588698
53.1472946251689,-0.09920261750844672,-7.117152,-0.09856839614618378,-7.0579328610591325
53.194107364012915,-0.0990819020222736,-7.117152,-0.09873956477154705,-7.077672574039422
53.23147558664454,-0.0989854935287885,-7.117152,-0.09882154102396086,-7.090832382692948
53.26877114421592,-0.09888923052615248,-7.117152,-0.09884410419135807,-7.099605588461966
53.29669523438802,-0.09881712864447428,-7.117152,-0.0988351123423968,-7.105454392307977
53.38022362663706,-0.0986013126636648,-7.117152,-0.0987571791161528,-7.109353594871985
53.41723032176254,-0.09850562982196112,-7.117152,-0.09867332935142224,-7.111953063247991
53.50023325353277,-0.08600451282138362,-6.227508,-0.09445039050807603,-6.817138042165327
53.53700735124179,-0.08592120091946387,-6.227508,-0.09160732731187197,-6.6205946947768854
53.5828748807411,-0.08581723820096274,-6.227508,-0.08967729760823556,-6.489565796517924
53.61948904526853,-0.09798195377931736,-7.117152,-0.09244551633192949,-6.698761197678617
53.65603241458067,-0.09788720747758961,-7.117152,-0.09425941338048287,-6.838224798452411
53.683393587787116,-0.09781624186244595,-7.117152,-0.09544502287447056,-6.931200532301608
53.72890746905249,-0.09769814486450124,-7.117152,-0.09619606353781411,-6.993184354867739
53.76523950383787,-0.08540334965867759,-6.227508,-0.09259849224476861,-6.7379589032451594
53.80150144266068,-0.085320947540338,-6.227508,-0.0901726440099584,-6.56780860216344
53.84673055831256,-0.08521812039535842,-6.227508,-0.08852113613842509,-6.454375068108961
53.88283541561185,-0.07297371332720189,-5.337864,-0.08333866186801736,-6.082204712072641
53.91887073982703,-0.07290343012647585,-5.337864,-0.07986025128750353,-5.83409114138176
53.954836703205835,-0.08497212902791762,-6.227508,-0.08156421053430822,-5.965230094254507
53.999696880443565,-0.08486996256368136,-6.227508,-0.0826661278774326,-6.052656062836339
54.02656123422701,-0.08480875563751371,-6.227508,-0.08338033713079297,-6.110940041890893
54.062320144148664,-0.0847272547018092,-6.227508,-0.08382930965446504,-6.1497960279272625
54.0980103777939,-0.07255360918638658,-5.337864,-0.08007074283177222,-5.879152018618175
54.14252685283357,-0.07246656798934059,-5.337864,-0.07753601788429501,-5.6987226790787835
54.17806318587927,-0.07239705388616188,-5.337864,-0.0758230298849173,-5.578436452719189
54.2135313936559,-0.07232764527595914,-5.337864,-0.07465790168193125,-5.498245635146127
54.24893164477089,-0.07225834201496603,-5.337864,-0.07385804845960951,-5.444785090097418
54.29308665076321,-0.08420050434436371,-6.227508,-0.07730553375452758,-5.705692726731612
54.328334613593064,-0.08411992646668108,-6.227508,-0.07957699799191208,-5.879631151154408
54.3547263376552,-0.08405957336651584,-6.227508,-0.08107118978344667,-5.995590100769605
54.38985643944971,-0.08397920950822145,-6.227508,-0.08204052969170493,-6.0728960671797365
54.43367469840251,-0.07189622255851905,-5.337864,-0.07865909398064297,-5.8278853781198245
54.468654013167686,-0.07182757445657845,-5.337864,-0.0763819208059548,-5.66454491874655
54.512284312567665,-0.07174191098281656,-5.337864,-0.07483525086490872,-5.555651279164367
54.5471136778905,-0.07167349734897742,-5.337864,-0.07378133302626495,-5.483055519442912
54.58187666658388,-0.07160518768590955,-5.337864,-0.07305595124614649,-5.434658346295275
54.616573442693834,-0.07153698184728424,-5.337864,-0.0725496281131924,-5.40239356419685
54.65985155060363,-0.0714518703288542,-5.337864,-0.07218370885174634,-5.380883709464567
54.68576901119801,-0.07140088105697477,-5.337864,-0.07192276625348915,-5.3665438063097115
54.720268129537025,-0.07133298581157602,-5.337864,-0.07172617277285144,-5.356983870873141
54.75470168718382,-0.07126519380320001,-5.337864,-0.07157251311630096,-5.350610580582094
54.797651686128034,-0.07118059874528518,-5.337864,-0.07144187499262904,-5.346361720388063
54.8319383235276,-0.07111303848114339,-5.337864,-0.07133226282213383,-5.343529146925375
54.86615992486418,-0.059204650812015945,-4.448220000000001,-0.06728972548542787,-5.045092764616918
54.90031665065909,-0.05914852173095737,-4.448220000000001,-0.06457599090060437,-4.846135176411279
54.94292157053085,-0.05907848043700556,-4.448220000000001,-0.0627434874127381,-4.713496784274186
54.96843611559197,-0.059036519598530485,-4.448220000000001,-0.06150783147466889,-4.625071189516125
55.00239917365779,-0.07077677555980122,-5.337864,-0.06459747950304634,-4.86266879301075
55.03629799403931,-0.07070982961724191,-5.337864,-0.06663492954111154,-5.0210671953405
55.078581426562515,-0.0706262904221609,-5.337864,-0.06796538316812799,-5.126666130227
55.112336290706864,-0.05879964455918707,-4.448220000000001,-0.06491013696514768,-4.900517420151334
55.14602743047112,-0.05874413170966079,-4.448220000000001,-0.06285480187998538,-4.749751613434223
55.18805198198438,-0.05867485944067818,-4.448220000000001,-0.06146148773354965,-4.649241075622816
55.221600315475456,-0.05861953650804728,-4.448220000000001,-0.06051417065838219,-4.582234050415211
55.26344685381439,-0.058550501240916986,-4.448220000000001,-0.059859614185893785,-4.537562700276808
55.29685317136048,-0.05849536759404822,-4.448220000000001,-0.059404865321945256,-4.5077818001845396
55.321866645402054,-0.05845407244091895,-4.448220000000001,-0.05908793436160315,-4.487927866789693
55.35516304947843,-0.05839908557918098,-4.448220000000001,-0.05885831810079576,-4.47469191119313
55.396695548171245,-0.05833046969785419,-4.448220000000001,-0.058682368633148574,-4.4658679407954205
55.429851329685526,-0.05827567099688476,-4.448220000000001,-0.058546802754393966,-4.459985293863614
55.46294486205344,-0.05822095571937046,-4.448220000000001,-0.0584381870760528,-4.45606352924241
55.49597629839863,-0.0581663237399199,-4.448220000000001,-0.0583475659640085,-4.453449019494941
55.53717850391066,-0.05809815071234344,-4.448220000000001,-0.05826442754678682,-4.4517060129966275
55.570070781946235,-0.058043705694632304,-4.448220000000001,-0.05819085359606865,-4.450544008664419
55.59469955640524,-0.04640234106780938,-3.558576,-0.05426134941998223,-4.153221339109613
55.627484131729474,-0.046358901033579585,-3.558576,-0.051627199957848015,-3.9550062260730754
55.6683786140675,-0.057880867478255583,-4.448220000000001,-0.05371175579798387,-4.11941081738205
55.701025394066754,-0.05782675326568787,-4.448220000000001,-0.055083421620551874,-4.229013878254701
55.7336111760115,-0.05777272143971181,-4.448220000000001,-0.055979854893605185,-4.302082585503134
55.77425785306271,-0.057705297321411636,-4.448220000000001,-0.05655500236954067,-4.35079505700209
55.80670693638698,-0.057651450404449134,-4.448220000000001,-0.05692048504784349,-4.383270038001394
55.83909550695679,-0.046078148371460945,-3.558576,-0.053306372822382646,-4.108372025334263
55.863347312718965,-0.04604593238449673,-3.558576,-0.05088622600975401,-3.9251066835561756
55.90369170332026,-0.045992320807803966,-3.558576,-0.04925492427577066,-3.8029297890374507
55.93589962486059,-0.04594950499420649,-3.558576,-0.04815311784858261,-3.7214785260249674
55.96804762514138,-0.04590675435800752,-3.558576,-0.047404330018390915,-3.6671776840166452
56.00814858494621,-0.04585340756443677,-3.558576,-0.04688735586707287,-3.6309771226777636
56.04016229882084,-0.045810803207649825,-3.558576,-0.04652850498059852,-3.6068434151185094
56.07211656735091,-0.04576826369953678,-3.558576,-0.04627509122024461,-3.590754276745673
56.104011536133676,-0.045725788938889476,-3.558576,-0.0460919904597929,-3.5800281844971154
56.14379707801497,-0.04567278638497864,-3.558576,-0.04595225576818814,-3.5728774563314105
56.167624154882844,-0.04564103325503408,-3.558576,-0.045848514930470124,-3.5681103042209403
56.19934209408287,-0.045598752129290564,-3.558576,-0.04576526066341027,-3.5649322028139605
56.238906958126826,-0.0455459911917374,-3.558576,-0.04569217083951932,-3.5628134685426405
56.27049297640112,-0.04550385469391601,-3.558576,-0.04562939879098488,-3.561400979028427
56.302020596044486,-0.04546178231051424,-3.558576,-0.045573526630828004,-3.560459319352285
56.3256280725743,-0.04543027003708513,-3.558576,-0.04552577443291372,-3.559831546234857
56.37274495911941,-0.04536735334124816,-3.558576,-0.04547296740235853,-3.559413030823238
56.40408376720794,-0.045325488629735664,-3.558576,-0.045423807811484244,-3.5591340205488255
56.43536478076764,-0.04528368760185759,-3.558576,-0.04537710107494203,-3.5589480136992173
56.47438498913045,-0.04523152571767711,-3.558576,-0.04532857595585372,-3.558824009132812
56.497753988445865,-0.033900207143616676,-2.668932,-0.04151911968510804,-3.2621933394218745
56.528862463681016,-0.045158665606235895,-3.558576,-0.04273230165881733,-3.3609875596145833
56.55991370662231,-0.04511711829909631,-3.558576,-0.04352724053891032,-3.426850373076389
56.59864749003088,-0.04506527299557729,-3.558576,-0.044039918024465975,-3.4707589153842595
56.62957047016847,-0.045023867693539735,-3.558576,-0.044367901247490564,-3.5000312769228397
56.66043667034707,-0.044982525340159854,-3.558576,-0.044572775945046994,-3.5195461846152267
56.69124622894355,-0.03370593437556201,-2.668932,-0.040950495421885336,-3.236008123076818
56.72967873516368,-0.033667301007086266,-2.668932,-0.03852276395028564,-3.0469827487178787
56.7526959730167,-0.03364415621885357,-2.668932,-0.036896561373141616,-2.920965832478586
56.78333643336881,-0.0336133375397156,-2.668932,-0.03580215342866628,-2.836954554985724
56.81392080189145,-0.03358256569208243,-2.668932,-0.03506229084980499,-2.7809470366571496
56.852072591329296,-0.033544166623620364,-2.668932,-0.03455624944107678,-2.7436086911047664
56.88253125176144,-0.03351349986915363,-2.668932,-0.03420866625043573,-2.718716460736511
56.92052633598482,-0.03347523192687728,-2.668932,-0.03396418814258292,-2.7021216404910073
56.95085997514865,-0.03344466988118656,-2.668932,-0.03379101538878413,-2.691058426994005
56.981138268664516,-0.03341415424939722,-2.668932,-0.03366539500898849,-2.6836829513293368
57.00381074912537,-0.033391297939037126,-2.668932,-0.0335740293190047,-2.6787659675528914
57.049062767464285,-0.03334566338575317,-2.668932,-0.03349790734125419,-2.6754879783685945
57.0716424181821,-0.03332288507885111,-2.668932,-0.03343956658711983,-2.67330265224573
57.101700670132246,-0.03329255434419068,-2.668932,-0.033390562506143445,-2.67184576816382
57.13919661114209,-0.03325470565339236,-2.668932,-0.033345276888559754,-2.6708745121092132
57.16913202641093,-0.03322447839045607,-2.668932,-0.033305010722525195,-2.6702270080728088
57.191547894410625,-0.033201838045887465,-2.668932,-0.03327061983031262,-2.669795338715206
57.22883985169622,-0.03316416138200701,-2.668932,-0.03323513368087742,-2.6695075591434705
57.26604725312577,-0.033126556144721084,-2.668932,-0.033198941168825304,-2.669315706095647
57.29575246610279,-0.03309652328277699,-2.668932,-0.03316480187347587,-2.669187804063765
57.31799604851304,-0.03307402852797519,-2.668932,-0.033134544091642314,-2.66910253604251
57.34760715984536,-0.033044075316506445,-2.668932,-0.03310438783326369,-2.6690456906950066
57.3845456984278,-0.03300669765210031,-2.668932,-0.03307182443954257,-2.669007793796671
57.41403640681814,-0.0329768465085098,-2.668932,-0.03304016512919831,-2.668982529197781
57.44347381303539,-0.021964693737188387,-1.779288,-0.029348341331861667,-2.372417686131854
57.4728580459593,-0.021944853245667154,-1.779288,-0.026880511969796832,-2.1747077907545695
57.50951375793888,-0.021920094897315227,-1.779288,-0.025227039612302965,-2.04290119383638
57.53877882034086,-0.021900321970262617,-1.779288,-0.02411813373162285,-1.9550301292242533
57.56069298847443,-0.021885511930481202,-1.779288,-0.023373926464575635,-1.8964494194828356
57.59715080192074,-0.021860865907197678,-1.779288,-0.02286957294544965,-1.8573956129885572
57.62625797551786,-0.02184118267087955,-1.779288,-0.02252677618725962,-1.8313597419923715
57.64079191350062,-0.021831352229596097,-1.779288,-0.02229496820137178,-1.8140024946615811
57.69155780965974,-0.02179700425688361,-1.779288,-0.02212898021987572,-1.802430996441054
57.6987970418134,-0.021792104830896743,-1.779288,-0.022016688423549396,-1.7947166642940362
57.77821427686238,-0.02173833336812232,-1.779288,-0.021923903405073705,-1.7895737761960242
57.814183572991595,-0.02171396569175191,-1.779288,-0.02185392416729977,-1.7861451841306828
57.835726464575565,-0.02169936719592348,-1.779288,-0.021802405176841008,-1.783859456087122
57.864405294888115,-0.021679928286164423,-1.779288,-0.021761579546615478,-1.7823356373914148
57.900181645053394,-0.021655670964959413,-1.779288,-0.021726276686063455,-1.7813197582609432
57.92874512547285,-0.021636298100081216,-1.779288,-0.021696283824069375,-1.7806425055072956
57.95725753950578,-0.021616954507577783,-1.779288,-0.02166984071857218,-1.7801910036715305
57.985719009892335,-0.02159764013771088,-1.779288,-0.02164577385828508,-1.7798900024476871
58.02122439481324,-0.021573538193994983,-1.779288,-0.021621695303521715,-1.7796893349651248
58.049571689016524,-0.021554289393391816,-1.779288,-0.021599226666811747,-1.7795555566434167
58.07079898151549,-0.021539871867089125,-1.779288,-0.021579441733570875,-1.7794663710956111
58.09905789797796,-0.021520673891112497,-1.779288,-0.021559852452751414,-1.7794069140637407
58.127266479447485,-0.010750752444815364,-0.889644,-0.01795681911677273,-1.4828192760424939
58.16245660658948,-0.010738792153866493,-0.889644,-0.015550810129137317,-1.2850941840283294
58.19055237522797,-0.010729240158942941,-0.889644,-0.013943620139072526,-1.1532774560188863
58.22560186652553,-0.010717320422038063,-0.889644,-0.012868186900061038,-1.0653996373459242
58.25358542973664,-0.010707800807822321,-0.889644,-0.012148058202648132,-1.0068144248972828
58.281519317854304,-0.010698295544933765,-0.889644,-0.01166480398341001,-0.9677576165981886
58.30940364978843,-0.010688804608725505,-0.889644,-0.011339470858515175,-0.9417197443987925
58.34418955694451,-0.01067696104784521,-0.889644,-0.01111863425495852,-0.9243611629325283
58.3650241191083,-0.010669865617867053,-0.889644,-0.010969044709261364,-0.9127887752883522
58.39276049267913,-0.010660417514028452,-0.889644,-0.010866168977517061,-0.9050738501922349
58.420447782438295,-0.010650983638493821,-0.889644,-0.01079444053117598,-0.8999305667948233
58.454988049165614,-0.010639211265244728,-0.889644,-0.010742697442532229,-0.8965017111965489
58.48256532866244,-0.010629809313702748,-0.889644,-0.010705068066255735,-0.8942158074643659
58.510093904328,-0.010620421510790201,-0.889644,-0.010676852547767223,-0.8926918716429106
58.54443631119004,-0.010608706616386772,-0.889644,-0.010654137237307073,-0.8916759144286072
58.57185572772303,0.0,0.0,-0.007102758158204715,-0.5944506096190715
58.606062051706665,-0.010587675268006178,-0.889644,-0.008264397194805201,-0.6928484064127144
58.619723488529864,-0.010583011296422397,-0.889644,-0.009037268562010934,-0.7584469376084763
58.65382447430829,-0.010571366702308103,-0.889644,-0.009548634608776656,-0.8021792917389842
58.681051271754434,0.0,0.0,-0.006365756405851104,-0.5347861944926562
58.708230200828794,0.0,0.0,-0.004243837603900736,-0.35652412966177083
58.74213672080665,0.0,0.0,-0.0028292250692671574,-0.23768275310784726
58.7692083621161,0.0,0.0,-0.001886150046178105,-0.15845516873856486
58.796232504172806,0.0,0.0,-0.0012574333641187368,-0.10563677915904325
58.796232504172806,0.0,0.0,-0.0008382889094124911,-0.07042451943936218
58.796232504172806,0.0222411,0.889644,0.006854840727058339,0.2495983203737585
58.796232504172806,0.0222411,0.889644,0.011983593818038893,0.46294688024917235
58.796232504172806,0.0222411,0.889644,0.015402762545359263,0.6051792534994482
58.796232504172806,0.0222411,0.889644,0.017682208363572843,0.7000008356662989
58.796232504172806,0.0222411,0.889644,0.01920183890904856,0.7632152237775326
58.796232504172806,0.0,0.0,0.012801225939365708,0.5088101491850218
58.882176205671335,0.022241074978748426,0.889644,0.015947842285826613,0.6357547661233479
58.968120100544105,0.022240999914824807,0.889644,0.018045561495492676,0.7203845107488986
59.08271259541372,0.02224082198451239,0.889644,0.019443981658499247,0.7768043404992658
59.16865769353328,0.022240630151799674,0.889644,0.020376197822932724,0.814417560332844
59.28325249468645,0.044480593051498964,1.779288,0.028410996232454803,1.136041040221896
59.426498789622585,0.04447950874548709,1.779288,0.03376716707013223,1.350456693481264
59.54109861924315,0.04447844109527957,1.779288,0.037337591745181344,1.4934004623208428
59.65570142900863,0.044477195470979405,1.779288,0.0397174596537807,1.5886963082138952
59.77030767769177,0.044475771857633156,1.779288,0.041303563721731516,1.6522268721425968
59.91357102363711,0.0667106130264174,2.668932,0.04977258015662681,1.9911285814283979
60.028186687941286,0.06670787679473733,2.668932,0.05541767903599698,2.2170630542855987
60.114151646932115,0.06670564935254308,2.668932,0.05918033580817902,2.367686036190399
60.22877624173931,0.06670244570975785,2.668932,0.061687705775371963,2.468101357460266
60.372065103924974,0.0666980654803838,2.668932,0.06335782567704258,2.535044904973511
60.48670324898645,0.06669426070485072,2.668932,0.06446997068631195,2.5796739366490073
60.630010504219456,0.06668912892036304,2.668932,0.06520969009766231,2.609426624432672
60.74466452854941,0.0666847227805597,2.668932,0.06570136765862811,2.629261749621781
60.859326358660134,0.06668004928382473,2.668932,0.06602759486702699,2.642485166414521
61.00266532536064,0.0666738313562653,2.668932,0.06624300703010642,2.6513007776096806
61.17469040392635,0.08888775751745055,3.558576,0.07379125719255447,2.953725851739787
61.232036787679384,0.0888840177122177,3.558576,0.07882217736577556,3.155342567826525
61.31806095952178,0.08887824073951503,3.558576,0.08217419849035539,3.2897537118843503
61.461447317398424,0.08886816631457774,3.558576,0.08440552109842951,3.3793611412562337
61.57616838848784,0.08885970514168191,3.558576,0.08589024911284698,3.4390994275041558
61.69090061432701,0.11106360856440357,4.448220000000001,0.09428136893003251,3.7754729516694376
61.805644458364235,0.11105213917219978,4.448220000000001,0.0998716256774216,3.9997219677796254
61.94909130821924,0.11103717428851698,4.448220000000001,0.10359347521445339,4.149221311853084
62.06386298989363,0.11102469969072161,4.448220000000001,0.10607055003987613,4.24888754123539
62.178647798969685,0.11101177809379283,4.448220000000001,0.10771762605784836,4.315331694156927
62.26474530055639,0.11100179345921164,4.448220000000001,0.10881234852496946,4.359627796104618
62.408258661244815,0.11098459327262114,4.448220000000001,0.10953643010752001,4.389158530736413
62.523085646654955,0.13316439566365762,5.337864,0.11741241862623254,4.705393687157609
62.637927623923446,0.13314674221239342,5.337864,0.12265719315495283,4.916217124771739
62.7815018899719,0.1331239196518124,5.337864,0.12614610198723933,5.056766083181159
62.89637930884221,0.1331050567366156,5.337864,0.12846575357036474,5.15046538878744
63.01127324082202,0.13308565591487578,5.337864,0.1300057210185351,5.21293159252496
63.12618415524134,0.1330657169513145,5.337864,0.1310257196627949,5.254575728349973
63.26984739582134,0.13304003611569828,5.337864,0.13169715848042937,5.282338485566649
63.38479823995864,0.13301888543823398,5.337864,0.1321377341330309,5.300846990377766
63.47102349584611,0.1330026687567914,5.337864,0.1324260456742844,5.3131859935851775
63.61475593673352,0.13297496696174133,5.337864,0.13260901943677003,5.321411995723452
63.72976373424391,0.13295219862852461,5.337864,0.13272341250068823,5.326895997148968
63.844791462262485,0.1329288905312939,5.337864,0.1327919051775568,5.330551998099312
63.95983959501918,0.15505588278374527,6.227508,0.14021323104628627,5.629537332066208
64.1036791788031,0.15502021770483004,6.227508,0.14514889326580085,5.828860888044139
64.21877496003776,0.13284940799172124,5.337864,0.14104906484110766,5.665195258696093
64.36267561148321,0.15495353619713392,6.227508,0.14568388862644974,5.852632839130728
64.4778214546926,0.1549228737962972,6.227508,0.14876355034973224,5.977591226087152
64.56419592229702,0.15489946225316276,6.227508,0.1508088543175424,6.060896817391435
64.79459269849062,0.15483529218229072,6.227508,0.1521510002724585,6.116433878260957
64.82339906430391,0.15482709293126812,6.227508,0.1530430311587284,6.153458585507305
64.93863989519258,0.15479390011798483,6.227508,0.1536266541451472,6.178141723671537
65.05390567599939,0.17686865566089766,7.117152,0.16137398798373068,6.491145149114359
65.16919688974765,0.17682927231041423,7.117152,0.16652574942595852,6.699814099409573
65.28451402040584,0.17678916388485216,7.117152,0.16994688757892307,6.838926732939716
65.37101916805219,0.17675860643857536,7.117152,0.1722174605321405,6.931668488626477
65.51522797316659,0.17670676982465963,7.117152,0.1737138969629802,6.993496325750985
65.63062576810462,0.17666448317460662,7.117152,0.174697425700189,7.03471488383399
65.77491225086555,0.17661060230718556,7.117152,0.17533515123585452,7.062193922555994
65.89037342445445,0.19863751378535827,8.006796,0.18310260541902243,7.377061281703996
66.0058635623704,0.19858728062082204,8.006796,0.1882641638196223,7.586972854469331
66.12138315601285,0.19853622748004185,8.006796,0.19168818503976215,7.726913902979555
66.26582482058974,0.19847125699751694,8.006796,0.19394920902568039,7.820207935319703
66.3814124920579,0.19841835658025353,8.006796,0.19543892487720474,7.882403956879803
66.46812360200599,0.1983781418187063,8.006796,0.19641866385770526,7.923867971253203
66.64159907398263,0.1982963239206952,8.006796,0.1970445505453686,7.951510647502135
66.7283638557193,0.19825472021126178,8.006796,0.19744794043399963,7.969939098334757
66.84407875148432,0.19819852745223968,8.006796,0.19769813610674633,7.982224732223172
66.98876891026315,0.1981271265301639,8.006796,0.1978411329145522,7.990415154815449
67.10455887949193,0.19806907694410678,8.006796,0.19791711425773706,7.995875436543633
67.36521205636915,0.21992826957783507,8.896440000000002,0.20525416603110305,8.296063624362423
67.48111496214528,0.19787470442650346,8.006796,0.2027943454962365,8.199641082908283
67.68403155699353,0.2197404640686656,8.896440000000002,0.20844305168704622,8.431907388605524
67.82904066461447,0.21965279281891747,8.896440000000002,0.21217963206433663,8.586751592403683
67.94508992650842,0.21958161687287078,8.896440000000002,0.214646960333848,8.689981061602456
68.06117705549786,0.2195095164466333,8.896440000000002,0.2162678123714431,8.758800707734972
68.1773025656941,0.21943649062893336,8.896440000000002,0.2173240384572732,8.804680471823316
68.29346697268986,0.2193625384955822,8.896440000000002,0.21800353847004286,8.835266981215545
68.43872796796838,0.21926879426855342,8.896440000000002,0.21842529040287972,8.85565798747703
68.55498178572576,0.21919275447860143,8.896440000000002,0.21868111176145363,8.869251991651355
68.64219875309729,0.2191351147646973,8.896440000000002,0.2188324460958682,8.878314661100905
68.78761169232432,0.2190378856912859,8.896440000000002,0.21890092596100744,8.884356440733939
68.90398882705169,0.21895905472112814,8.896440000000002,0.218920302214381,8.888384293822627
69.0204081160148,0.21887929136263154,8.896440000000002,0.21890663193046453,8.891069529215086
69.13687008623141,0.240678454055694,9.786084,0.22616390597220767,9.189407686143392
69.28250837510276,0.2405660504033564,9.786084,0.23096462078259059,9.388299790762263
69.39906831375066,0.24047496959734713,9.786084,0.2341347370541761,9.520894527174843
69.54483074520178,0.24035966931507174,9.786084,0.23620971447447467,9.609291018116563
69.66149134831491,0.2402662682228299,9.786084,0.23756189905725975,9.66822201207771
69.74901670306393,0.2620314975738503,10.675728,0.24571843189612327,10.00405734138514
69.86575747754597,0.2619276321580393,10.675728,0.2511214986500953,10.227947560923427
70.0117489751599,0.261796211941737,10.675728,0.2546797364139759,10.377207707282285
70.12859525715508,0.26168980335221625,10.675728,0.25701642539338937,10.476714471521523
70.24548931393603,0.26158226223151804,10.675728,0.25853837100609894,10.543052314347683
70.36243169130786,0.2614735871822508,10.675728,0.2595167763981496,10.587277542898455
70.50867844848729,0.26133614662713817,10.675728,0.26012323314114577,10.61676102859897
70.6257315528522,0.2612249150407992,10.675728,0.26049046044103025,10.636416685732648
70.74283476517236,0.2611125448659693,10.675728,0.26069782191600993,10.649520457155099
70.83069539107325,0.26102751915213707,10.675728,0.260807720994719,10.658256304770067
70.97719373256552,0.26088438285086746,10.675728,0.2608332749467685,10.664080203180045
71.09445060222848,0.2607685880167761,10.675728,0.26081171263677105,10.66796280212003
71.21175980908129,0.26065164860634693,10.675728,0.260758357959963,10.670551201413353
71.32912191568877,0.26053356307836495,10.675728,0.26068342633276365,10.672276800942235
71.47589979975584,0.26038434206362776,10.675728,0.26058373157638504,10.673427200628158
71.59338299891252,0.2602636720431155,10.675728,0.2604770450652952,10.674194133752106
71.71092094120988,0.26014185077181035,10.675728,0.26036531363413357,10.674705422501404
71.79911066708675,0.2600497283372915,10.675728,0.2602601185351862,10.675046281667603
71.94616334523684,0.25989474798596984,10.675728,0.2601383283521141,10.675273521111736
72.06386895770027,0.25976946317991706,10.675728,0.2600153732947151,10.675425014074492
72.21108126040336,0.259611228770289,10.675728,0.25988065845323977,10.675526009382995
72.32891604100209,0.28110694782676854,11.565372,0.266956088244416,10.972141339588664
72.4468091774104,0.28096713934489076,11.565372,0.271626438611241,11.169884893059109
72.5647612562978,0.28082607050926284,11.565372,0.2746929825772482,11.301713928706073
72.71228514051995,0.28064795919525687,11.565372,0.2766779747832511,11.389599952470716
72.83037199782973,0.2805040475838146,11.565372,0.27795333238343894,11.448190634980477
72.91897705173724,0.28039528277211645,11.565372,0.27876731584633146,11.487251089986986
73.03717081706618,0.28024915330877875,11.565372,0.2792612616671472,11.513291393324657
73.18500016003543,0.28006470521531096,11.565372,0.27952907618320183,11.530651595549772
73.30333407749033,0.27991571528084913,11.565372,0.2796579558824176,11.54222506369985
73.42173126655725,0.2797654507366703,11.565372,0.27969378750050183,11.549940709133233
73.5401923352198,0.2796139095278482,11.565372,0.2796671615096173,11.555084472755489
73.68835943238439,0.27942268454109676,11.565372,0.27958566918677713,11.55851364850366
73.80696646729928,0.2792682632096365,11.565372,0.27947986719439694,11.560799765669106
73.89596493984828,0.2791516050343056,11.565372,0.2793704464743665,11.562323843779405
74.01468766194301,0.3004560851132794,12.455016,0.28639899268733743,11.859887895852937
74.16318530195052,0.30024323497867633,12.455016,0.29101374011778375,12.058263930568625
74.2820595659247,0.30007139219491263,12.455016,0.29403295747682673,12.190514620379084
74.40100220131626,0.29989815778028334,12.455016,0.2959880242446456,12.27868174691939
74.52001383971094,0.29972352932178103,12.455016,0.29723319260369074,12.337459831279594
74.66887639025997,0.2995032796578005,12.455016,0.297989888288394,12.376645220853064
74.78804561038118,0.2993255056478823,12.455016,0.2984350940748901,12.402768813902043
