Angle,Force,Force_smooth
0.0,0.0014220328358094923,0.0014220328358094923
0.1169184671946848,0.0014627387982847201,0.0014356014899679016
0.23380195240409307,0.0030068529866147348,0.0019593519888501795
0.37985565818936884,0.003108519333675291,0.00234240777045855
0.49665693870468886,0.0047847133369734,0.0031565096259635003
0.6134201345386714,0.006542117387650222,0.004285045546525741
0.7009669663406148,0.00666393872668189,0.005078009939911124
0.8468284711363525,0.008583587732789335,0.006246535870870528
0.9634717162609006,0.008786399315180974,0.00709315701897401
1.0800730855154352,0.010786922029093432,0.008324412022347152
1.196631636155593,0.011030030906045216,0.00922628498357984
1.3422681779859325,0.013222678183475911,0.010558416050211865
1.4587269508342917,0.013505941094159193,0.011540924398194308
1.575139855947615,0.01575889905725702,0.012946915951215212
1.6624188724518802,0.01600142459673807,0.013965085499722831
1.865965327116304,0.018637741877822588,0.015522637625756085
1.9240940416410073,0.020910408253568498,0.017318561168360225
2.0693613384504976,0.021414639943990284,0.01868392076023691
2.185518177266874,0.023999501419174552,0.020455780979882793
2.3016233527653185,0.02444260311673026,0.021784721692165283
2.417675946508215,0.02714771328040927,0.02357238555491328
2.5626663505537435,0.027751062133317256,0.024965277747714607
2.678597290622232,0.03058613795659506,0.026838897817341424
2.765509091434768,0.030977757360791967,0.028218517665158274
2.968179630831705,0.03434383108333708,0.03026028880455121
3.0260531915860094,0.034624501537313696,0.0317150263821387
3.1417565036734896,0.037698775482669186,0.033709609415648864
3.2574006543426544,0.03829940977782848,0.03523954286970874
3.3729847474600074,0.041492881325012596,0.0373239890214767
3.5173790473952726,0.04229239042912575,0.03898012282402638
3.6328247495423343,0.045614632253033,0.04119162596702859
3.7193677636822864,0.04612349384736354,0.042835581927140244
3.834702723545149,0.049554513048788926,0.045075225634356474
3.978780625455859,0.05045100609613959,0.04686715245495085
4.237861435595716,0.05495462153570695,0.04956297548186955
4.352899275951921,0.05864152590198595,0.05258915895524169
4.525327475914087,0.06282362943120429,0.05600064911389589
4.582768827966025,0.06323992772557481,0.058413741984455536
4.668897941359037,0.06386401738665526,0.06023050045185545
4.841036349632838,0.06821141345078065,0.06289080478483051
4.927044923901101,0.06886384962454416,0.06488181973140174
5.070301485378944,0.07312976214347042,0.06763113386875796
5.184823826020032,0.07403736639645349,0.06976654471132314
5.299271556720325,0.07820252228259883,0.0725785372350817
5.4136438379814775,0.0791477267816528,0.07476826708393874
5.556501815547542,0.0836748975124719,0.0777371438934498
5.67070128439524,0.08465725486042663,0.08004384754910875
5.784822599849982,0.08563860395415115,0.08190876635078956
5.870361802237981,0.08982890583550171,0.08454881284569361
6.012827476796526,0.09110216575166674,0.08673326381435133
6.126709400535511,0.09211955912393788,0.08852869558421352
6.240509895435559,0.09671801001249593,0.09125846706030766
6.4110561887322435,0.10193965015545063,0.09481886142535531
6.496259097364747,0.10275838333761608,0.09746536872944224
6.609789376741195,0.10384896692058623,0.0995932347931569
6.723234812586145,0.10868612564482011,0.10262419841037798
6.864921087813195,0.11009466191838163,0.10511435291304587
7.119614275248712,0.11650854582128345,0.10891241721579174
7.204413011849364,0.11737952557053626,0.11173478666737326
7.402081554769379,0.12338909899269704,0.11561955744248119
7.430297435373482,0.12368830165979618,0.11830913884825285
7.543104271116436,0.12488421080152592,0.12050082949934388
7.683984375818361,0.13045373445022643,0.1238184644829714
7.796584781177416,0.13168483429207634,0.12644058775267306
7.909092209178657,0.1329144096179718,0.1285985283744393
7.993411311604826,0.1380179456054377,0.13173833411810545
8.133825131550655,0.13959921944914921,0.13435862922845337
8.330154206204572,0.14610601221908148,0.13827442355866276
8.38619411313287,0.1467555035855363,0.14110145023428727
8.498201178548257,0.14805322183678282,0.14341870743511914
8.610110638601913,0.14934924416881962,0.14539555301301932
8.749859101726301,0.15540707118261188,0.14873272573621685
8.861546304680736,0.15673723930097425,0.1514008969244693
8.973133560987847,0.15806562230806057,0.15362247205233306
9.05675798520015,0.16360532323662128,0.1569500891137625
9.168168626007208,0.16496841746026197,0.15962286522926233
9.307288559088896,0.16666965481216778,0.16197179509023082
9.41846895959964,0.1680285257822334,0.16399070532089835
9.529545900650753,0.17409065322820366,0.16735735462333345
9.640518692815256,0.17548336056421426,0.17006602327029374
9.779087180502373,0.17722146876836603,0.1724511717696512
9.889823139863303,0.1786097201115716,0.17450402121695802
9.972805348081884,0.18450499154267294,0.17783767799219632
10.08335473902347,0.1859271614923189,0.1805341724922372
10.221390186666103,0.1877019553189781,0.18292343343448417
10.33169670498686,0.19409626856787332,0.18664771181228057
10.44189420915658,0.19554890059494273,0.18961477473983462
10.57948679456425,0.19736164062695025,0.19219706336887318
10.689436637999815,0.19880937838343465,0.194401168373727
10.799275363174072,0.20025492201121858,0.1963524195862242
10.881581101884414,0.20133763292888854,0.19801415736711234
11.046002922796259,0.20871724475820863,0.20158185316414445
11.128118474637724,0.20982387070455388,0.20432919234428096
11.264835546138848,0.2116653739376977,0.20677458620875322
11.374080544111862,0.21846437725384688,0.21067118322378445
11.483210513286021,0.21996936608773673,0.21377057751176856
11.592224844696315,0.221471963451366,0.21633770615830106
11.728329223142897,0.22334683006915826,0.21867408079525347
11.837081167097491,0.22484400577971636,0.2207307224567411
11.945715526232291,0.22633875398203693,0.2226000662985064
12.027113775933294,0.23300597691091343,0.22606870316930877
12.162629137942286,0.23491411790039313,0.2290171747463369
12.270907226155078,0.23643779707859586,0.23149071552375655
12.379065400836524,0.23795894584031607,0.23364679229594307
12.487103091522282,0.23947755355996103,0.23559037938394906
12.62197991279745,0.24137222387573015,0.23751766088120943
12.729744453071547,0.248668054022395,0.24123445859493797
12.837386687807978,0.25021429040696685,0.24422773586561428
12.918037769533782,0.25137223155211974,0.24660923442778276
13.052302043517987,0.25329881371873997,0.24883909419143518
13.159574077712445,0.25483708030009455,0.2508384228943217
13.266721632817791,0.256372670138896,0.25268317197584644
13.400480218603104,0.2582883782489031,0.25455157406686535
13.507345759376342,0.2658601864950535,0.2583211115429281
13.614085110721788,0.2674225169242203,0.2613549133366922
13.747331060068667,0.26937151800658016,0.26402711489332154
13.853784605047277,0.27092757767208225,0.26632726915290844
13.933540889834937,0.2720927838701173,0.2682491073919781
14.03977036878769,0.2736439332742779,0.27004738268607803
14.172376142808766,0.27557890538907914,0.2718912235870784
14.278315302745042,0.2771237003391055,0.27363538250442077
14.384124638064556,0.27866565652431463,0.2753121405110521
14.489803666893902,0.2802047651586943,0.2769430153935995
14.674426984871051,0.2893206757145323,0.2810689021672438
14.727102584871954,0.2836573035612903,0.28193170263192596
14.832354846854727,0.28518709847278223,0.28301683457887805
14.911207245441226,0.2863325527988487,0.28412207398553496
15.042462008734987,0.28823802962198075,0.28549405919768356
15.225868802932304,0.2975094021597587,0.2894991735183753
15.252036331089595,0.29789730228349437,0.292298549773415
15.356622561350619,0.2994470380539203,0.2946813792002501
15.48716610171794,0.301380003006351,0.29691425380228376
15.591449008443519,0.30292300179679577,0.29891716980045446
15.695596406648495,0.30446299403275373,0.30076577787788755
15.825589451693038,0.30638374506973354,0.3026384336085029
15.903482990480605,0.3075339292884249,0.30427026550181024
16.007221344311134,0.3090648578401158,0.3058684629479121
16.214286131380447,0.30518165484190163,0.3056395269125753
16.240130489493534,0.30555393051374147,0.3056109947796307
16.36922271104104,0.30741251016115295,0.3062114999068048
16.575319609917408,0.3103765109847369,0.3075998369327822
16.678159244421842,0.3118540087927754,0.30901789421944664
16.857792187062312,0.3144323836826156,0.310822724040503
16.9090370146187,0.31516736464795986,0.31227093757632196
16.985838358035537,0.3162684187050103,0.31360343128588475
17.08811690114313,0.31773384121747134,0.3149802345964136
17.19025425930331,0.31919623048173235,0.31638556655818656
17.317726874282442,0.32101994313185706,0.31793035874941006
17.470401122065297,0.31585661334078297,0.31723911027986773
17.52122134738143,0.3165659815092782,0.31701473402300456
17.59738479782797,0.31762863362727395,0.31721936722442773
17.74947038429539,0.31974888976579485,0.31806254140488344
17.825392240390386,0.32080648971603004,0.3189771908419323
17.951749024260998,0.32256540407444334,0.320173261919436
18.05267241056585,0.31643498704456696,0.3189271702944797
18.153451416758124,0.3178031498587941,0.31855249681591785
18.25408573019553,0.31916836723618847,0.3187577869560081
18.379674678745953,0.3208707406254002,0.3194621048458055
18.47998231350948,0.32222931575787894,0.32038450848316335
18.580144270223595,0.3235849323519845,0.3214513164394371
18.705141409285517,0.32527528685827706,0.3227259732457171
18.780029978958396,0.32628727479606645,0.3239130737625002
18.879753156727936,0.31983318397601923,0.3225531105003399
19.004200621604756,0.3214724194147255,0.3221928801384685
19.103593051726666,0.3227805382749742,0.3223887661839704
19.20283804002747,0.3161812170334417,0.32031958313379416
19.301935320130717,0.3174517501241638,0.3193636387972507
19.425598806802103,0.31903591587676217,0.31925439782375453
19.524362791911642,0.32030004456404115,0.3196029467371834
19.598338312310204,0.3212462703467897,0.32015072127371885
19.69684218218149,0.31444277310315105,0.3182480718835296
19.819762494476272,0.31597343224201,0.31748985866968976
19.917930831646604,0.3171948244572891,0.31739151393222287
20.040430976166252,0.3187176421312496,0.3178335566652318
20.113818742027192,0.31962923905376184,0.3184321174614085
20.23594417712466,0.3129105858702754,0.31659160693103083
20.333475518295877,0.3140890958931424,0.31575743658506805
20.40652529371495,0.31497118948662545,0.31549535421892055
20.503793182093702,0.3161449276290404,0.3157118786889605
20.62516590657514,0.30925015009178686,0.3135579691565693
20.7220941267264,0.3103870192145231,0.3125009858425539
20.81887105375211,0.3115212276057137,0.3121743997636072
20.93962915690385,0.31293524434503167,0.31242801462408204
21.03606496044176,0.314063461164929,0.31297316347103105
21.156396057949973,0.3154699845079748,0.3138054371500123
21.27648942516515,0.3083082244025558,0.31197303290086015
21.348431189664023,0.3091249513283193,0.3110236723766799
21.420287172141613,0.309940217914785,0.3106625208893816
21.539856320436925,0.31129574939844634,0.31087359705906986
21.63533971075864,0.3123772521762607,0.31137481543146683
21.730670099070462,0.3047490410473583,0.30916622397009735
21.82584732628998,0.3057954489461062,0.30804263229543366
21.944603241474205,0.30709990462115405,0.30772838973734046
22.039435294719244,0.30814062526082786,0.30786580157850296
22.134113696635357,0.3091788175893549,0.3083034735821203
22.20502157841853,0.3099558024520354,0.30885424987209203
22.299430749499525,0.3109895695706206,0.3095660231049349
22.417225586735203,0.3122782221169993,0.3104700894422897
22.511287994643062,0.30435469041616303,0.3084316231002475
22.605196075790868,0.30535093680604103,0.30740472766884536
22.698949706373956,0.30634472641842747,0.30705139391870606
22.815924365899598,0.30758350877191865,0.3072287655364436
22.90933004926329,0.2994961308263162,0.3046512206330678
23.049148239044996,0.30093045482287845,0.3034109653630047
23.072417376586994,0.30116898741354176,0.3026636393798504
23.188617706144232,0.30235941611459866,0.30256223162476653
23.304575628228807,0.3035461216998245,0.3028901949831192
23.397167305080963,0.2952657514508733,0.30034871380570394
23.489603627040403,0.29618143910460676,0.29895962223867156
23.581884504798058,0.2970948179507102,0.2983380208093511
23.69701687823518,0.29823329577557417,0.2983031124647588
23.788947698232903,0.2991414823451455,0.2985825690915544
23.880722808020142,0.2906708824175827,0.2959453402002305
24.01809335410672,0.29198305194180296,0.2946245774474213
24.063805602545333,0.29241932554190786,0.29388949347891685
24.15511314865206,0.2838292249217128,0.29053607062651554
24.24626470724474,0.28466984701519266,0.2885806627560746
24.337260217492876,0.2855083113588285,0.28755654562365923
24.450785075078993,0.2865533590656492,0.28722215010432256
24.54142927149444,0.2873869724075798,0.287277090872075
24.631917244942322,0.28821843161154687,0.2875908711185656
24.699680675485496,0.2792125926545016,0.2847981116305443
24.81242433937595,0.28021239609863857,0.28326953978657576
24.902443376732606,0.2713199036720305,0.279286327748394
24.992306023821758,0.2720879019402824,0.2768868524790235
25.10441435774498,0.27304508123169696,0.275606262063248
25.193925008154928,0.2738085714883748,0.2750070318716236
25.28327917019724,0.27457006044534016,0.27486137472952915
25.439272334761185,0.266044360065738,0.2719223698415988
25.483753757604607,0.26640909732944473,0.27008461233754744
25.5504025068467,0.2570680675138673,0.2657457640629874
25.639130511646574,0.2577677448732681,0.263086424333081
25.749820333278574,0.248692056222021,0.25828830162939437
25.838196033665415,0.2493608199519452,0.255312474403578
25.992476716508623,0.2505268823773347,0.25371727706149694
26.036468829786266,0.250859044885923,0.2527645330029723
26.124335615963634,0.2515220402958516,0.2523503687672654
26.23394890548545,0.2523482936655779,0.2523496770667029
26.321463392969893,0.25300730569142926,0.25256888660827836
26.40882132048945,0.25366455008888406,0.2529341077684803
26.47423703237495,0.24399007145430462,0.24995276233042174
26.561321016990444,0.24461806051883977,0.24817452839322776
26.669955904264885,0.23517563955012857,0.24384156544552804
26.75668776708847,0.22552278043968485,0.23773530377691365
26.843263171612872,0.22609340160508956,0.23385466971963897
26.929682146548085,0.22666247692111033,0.23145727212012943
27.03748593428389,0.22737164982138458,0.23009539802054782
27.12355306178977,0.22793725326582448,0.22937601643564004
27.188000821942083,0.228360444997508,0.22903749262292938
27.295218404692907,0.2290638413620048,0.22904627553595455
27.38081670319339,0.20874984512070327,0.2222807987308708
27.466258812865146,0.2092584392498746,0.21794001223720544
27.551544781833293,0.1992773578813456,0.21171912745191884
27.65793274768844,0.19987779949116846,0.20777201813166873
27.74286758942283,0.2003566675021946,0.2053002345885107
27.827646464653416,0.20083421709556415,0.20381156209086188
27.891128303454696,0.20119151510701622,0.20293821309624666
28.01782899103365,0.20190389210818563,0.20259343943355965
28.08104789379838,0.1916137634929345,0.1989335474533513
28.186218101420938,0.20284913441118751,0.20023874310596337
28.270179178245858,0.1926187492263641,0.19769874514609695
28.353984697904753,0.19306339569138534,0.1961536286611931
28.43763473470784,0.1935068053139099,0.1952713542120987
28.541978749996655,0.19405933071241221,0.19486734637886988
28.62527923434399,0.19449996389493623,0.194744885550892
28.708424493646465,0.18410940123595335,0.19119972411257913
28.77068162229337,0.18441988243258395,0.18893977688591407
28.874249676475554,0.1740573194188633,0.18397895773023049
28.956929775385692,0.16354183686832627,0.17716658410959576
29.039454999977817,0.1639039170348081,0.17274569508466656
29.121825443557487,0.16426497902454698,0.16991878973129337
29.224570982953384,0.1537338853068475,0.16452382158981144
29.347546861407626,0.15423581833260683,0.16109448717074323
29.38846159806584,0.15440265674289,0.1588638770281255
29.449761350779067,0.1546524719501462,0.15746007533546574
29.551734775088068,0.15506765246872886,0.15666260104655347
29.633140087334578,0.1553987382736492,0.1562413134555854
29.71439135987733,0.15572888477462649,0.15607050389526578
29.815739001431535,0.14498737443423812,0.15237612740825657
29.89664409339122,0.14529198189909534,0.1500147455718695
29.97739551366551,0.14559572191601122,0.1485417376865834
30.078118867431616,0.14597417935548904,0.14768588490955195
30.158524959134777,0.14627597306835374,0.14721591429581923
30.218728929525856,0.1352323866496711,0.14322140508043654
30.298866858053177,0.13550957298774594,0.140650794382873
30.39882403675654,0.1358549398450362,0.13905217620359409
30.47861774953515,0.11344195184022132,0.13051543474913652
30.558258686881796,0.11367079500821226,0.1249005548354951
30.637746980275512,0.1138989805725746,0.12123336341452161
30.73689289474682,0.11418328960879627,0.11888333881261318
30.816038229502485,0.10296899998189997,0.11357855920237545
31.01323597892741,0.09197913505052513,0.10637875115175868
31.05256156840814,0.0920689712180835,0.1016088245072003
31.131098929463224,0.09224825369814803,0.0984886342375162
31.20948465386355,0.0924270172022784,0.09646809522577028
31.287718887771103,0.08102960489025757,0.09132193178059939
31.424264718784006,0.0813014554278576,0.08798177299635213
31.463192795515933,0.08137887322846835,0.08578080640705754
31.521514133476263,0.06985267616718972,0.08047142966043494
31.637902249063462,0.08172586166756793,0.0808895736628126
31.69596915735445,0.08184101959736781,0.08120672230766435
31.792559196525136,0.07031347722354796,0.0775756406129589
31.869662078813153,0.07044427205391895,0.07519851775994559
31.946614779621168,0.07057468492597126,0.07365724014862081
32.02341746049562,0.07070471662250127,0.0726730656399143
32.11921009463372,0.0708667214125367,0.0720709508974551
32.1956758291946,0.07099589834187216,0.07171260004559413
32.27199207930615,0.05927058055036514,0.06756526021385113
32.36717743539094,0.05940430279091785,0.06484494107287338
32.42417679931014,0.05948430054102946,0.06305806089559207
32.50004560938646,0.05959068993197433,0.061902270574386166
32.57576561534759,0.04775741318295022,0.05718731811057419
32.651336990829385,0.047842024682344206,0.054072220301164195
32.74559246533809,0.035960579013021375,0.04803500653844992
32.820830064257905,0.036023617685000675,0.04403121025396684
32.895919606512344,0.036086470372140675,0.04138296362669146
32.95213970889878,0.03613348808052759,0.03963313844463684
33.026970584510046,0.024130677518272296,0.03446565146918199
33.12030169405042,0.02418261107564999,0.03103797133800466
33.19480081693551,0.024224019637287503,0.028766654104432274
33.3433578089031,0.02430646917273848,0.027279925793867676
33.36188612209885,0.02431674098744658,0.026292197525060644
33.435907700088244,0.024357752039909183,0.025647382363343494
33.528228625673684,0.01220442235824134,0.021166395694976112
33.6019207601393,0.012224791142784158,0.018185860844245463
33.67546678531614,0.01224509937962748,0.016205607022706136
33.73053053571413,0.01226029090689041,0.014890501650767562
33.82212127881551,0.012285534769522238,0.014022179357019122
33.89523013551092,0.012305662202965686,0.013450006972334644
33.89523013551092,0.0,0.008966671314889764
34.009821694537095,-0.008663275423526849,0.0030900224020842275
34.10149494175802,-0.008634422259420314,-0.0008181258184172859
34.19316818897895,-0.00860554699119751,-0.003413932876010694
34.28484143619988,-0.008576649692779109,-0.005134838481600166
34.39943299522605,-0.00854049720249834,-0.0062700580552328905
34.491106242446975,-0.008511550606704112,-0.007017222239056631
34.60569780147314,-0.008475336729074967,-0.007503260402396077
34.69737104869408,-0.008446341211052385,-0.00781762067194818
34.76612598410978,-0.016849160757247572,-0.010828134033714645
34.8577992313307,-0.016791094139492837,-0.012815787402307375
34.94947247855164,-0.01673298453654627,-0.014121519780387008
35.06406403757781,-0.016660287311574908,-0.014967775624116308
35.15573728479873,-0.016602081536019525,-0.01551254426141738
35.2703288438249,-0.01652926456656661,-0.01585145102980046
35.36200209104583,-0.024706445059122676,-0.0188031157062412
35.45367533826676,-0.024618930019909575,-0.020741720477463994
35.52243027368246,-0.024553252368447957,-0.022012231107791984
35.637021832708626,-0.03259161478978793,-0.025538692335123965
35.72869507992956,-0.03247467687006104,-0.02785068718010299
35.82036832715049,-0.0323576558151791,-0.029353010058461696
35.93495988617666,-0.0322112630441671,-0.030305761053696832
36.02663313339758,-0.032094056030826115,-0.030901859379406593
36.11830638061852,-0.03997095857089903,-0.03392489244323741
36.209979627839445,-0.03982424477763331,-0.03589134322136938
36.32457118686561,-0.03964070921283952,-0.03714113188519276
36.41624443408654,-0.03949376656053988,-0.037925343443641804
36.48499936950225,-0.039383493201219755,-0.03841139336283446
36.57667261672317,-0.039236373863902996,-0.03868638686319064
36.69126417574934,-0.046862800182601874,-0.041411857969661056
36.78293742297027,-0.04668598641208884,-0.04316990078380365
36.8746106701912,-0.054260561979722115,-0.04686678784910981
36.966283917412134,-0.05405400090499822,-0.04926252553440595
37.0808754764383,-0.0614806914619813,-0.0533352475102644
37.17254872365923,-0.06124426668307452,-0.055971587234534444
37.24130365907493,-0.061066845175433766,-0.057670006548167556
37.3558952181011,-0.06077094737504182,-0.05870365349045898
37.44756846532203,-0.06053405405761309,-0.059313787012843684
37.53924171254296,-0.06029700577303904,-0.05964152659957547
37.65383327156913,-0.06000047841929911,-0.05976117720615002
37.74550651879005,-0.059763083678021404,-0.05976181269677382
37.83717976601099,-0.05952553594328211,-0.05968305377894325
37.928853013231915,-0.05928783582320331,-0.05955131446036327
37.974689636842385,-0.06656504490990726,-0.06188922461021127
38.11219950767378,-0.06616347846914751,-0.06331397589652335
38.20387275489472,-0.06589555564274194,-0.06417450247859621
38.29554600211564,-0.06562746412374991,-0.06465882302698078
38.41013756114181,-0.06529211354665784,-0.06486991986687314
38.50181080836274,-0.06502364497933744,-0.06492116157102791
38.59348405558367,-0.06475500995152139,-0.06486577769785908
38.685157302804605,-0.06448620915091523,-0.0647392548488778
38.799748861830764,-0.06414997608053459,-0.0645428285927634
38.86850379724647,-0.07105345887141644,-0.06671303868564775
38.91434042085693,-0.07090387378926132,-0.0681099837201856
39.05185029168833,-0.07045484665501799,-0.06889160469846307
39.1664418507145,-0.07008034726547292,-0.0692878522207997
39.25811509793543,-0.06978054585056243,-0.06945208343072061
39.34978834515636,-0.06948056579749266,-0.06946157755297797
39.395624968766825,-0.06933050902161424,-0.0694178880425234
39.55605315140346,-0.06880496151078742,-0.06921357919861142
39.67064471042962,-0.06842923992760815,-0.06895213277494366
39.76231795765055,-0.06812846551274405,-0.06867757702087714
39.83107289306625,-0.07469304722404045,-0.07068273375526492
39.92274614028719,-0.07436186018681007,-0.07190910923244664
40.03733769931335,-0.07394760878703505,-0.07258860908397612
40.12901094653428,-0.07361599461859665,-0.07293107092884964
40.22068419375521,-0.07328419199325227,-0.07304877795031718
40.33527575278138,-0.07286917498812338,-0.07298891029625258
40.42694900000231,-0.07253695144114382,-0.07283825734454967
40.51862224722324,-0.07220454219960816,-0.07262701896290251
40.58737718263894,-0.07195511391829632,-0.07240305061470045
40.67905042985987,-0.07162238175921276,-0.07214282766287122
40.79364198888604,-0.07767950053058549,-0.07398838528544265
40.88531523610697,-0.07087306531433928,-0.07294994529507486
40.9769884833279,-0.0769524440443273,-0.07428411154482567
41.06866173054883,-0.07658861983843339,-0.07505228097602824
41.18325328957499,-0.07613356397128848,-0.07541270864111499
41.27492653679593,-0.0757692999255697,-0.0755315724025999
41.34368147221163,-0.07549597454786826,-0.0755197064510227
41.45827303123779,-0.08129354009729897,-0.07744431766644813
41.54994627845872,-0.07467534770475828,-0.07652132767921818
41.64161952567965,-0.074310313381622,-0.0757843229133528
41.75621108470582,-0.08000823249270285,-0.07719229277313615
41.84788433192675,-0.07961231637081904,-0.07799896730569712
41.93955757914768,-0.07921619644144878,-0.07840471035094768
42.03123082636861,-0.07881987371865891,-0.07854309814018476
42.14582238539478,-0.07832418668263272,-0.07847012765433409
42.237495632615705,-0.07792741138501527,-0.07828922223122782
42.3062505680314,-0.07762969893821121,-0.07806938113355562
42.375005503447106,-0.07733187470465411,-0.07782354565725512
42.51251537427851,-0.07673589259290849,-0.07746099463580625
42.581270309694204,-0.07643773557293408,-0.07711990828151553
42.7187801805256,-0.07584109175151181,-0.07669363610484763
42.81045342774654,-0.07544308630027613,-0.07627678616999047
42.90212667496746,-0.07504488771478075,-0.07586615335158724
42.993799922188394,-0.08038853524629178,-0.07737361398315543
43.10839148121456,-0.07414824003118697,-0.07629848933249928
43.17714641663026,-0.07952984668361848,-0.07737560844953902
43.26881966385119,-0.07910019645804413,-0.07795047111904073
43.36049291107212,-0.07867034373601008,-0.07819042865803051
43.383411222877356,-0.07856284904437415,-0.07831456878681173
43.56675771731922,-0.0777024404344327,-0.0781105260026854
43.658430964540145,-0.07727193720136497,-0.07783099640224525
43.750104211761084,-0.07684123615218018,-0.07750107631889024
43.86469577078724,-0.07630258334156634,-0.07710157865978227
43.93345070620295,-0.07597924501634087,-0.07672746744530182
44.02512395342388,-0.07554795713638324,-0.07633429734232897
44.11679720064481,-0.07511647585369655,-0.07592835684611816
44.23138875967098,-0.0745768539605741,-0.07547785588427015
44.3230620068919,-0.0741449415611608,-0.07503355110990037
44.43765356591807,-0.07886226886048016,-0.07630979036009364
44.529326813139,-0.07317244635122021,-0.0752640090238025
44.62100006035993,-0.07273992111123621,-0.0744226463862804
44.68975499577563,-0.07758793384032357,-0.0754777422042948
44.827264866607024,-0.07689220731790217,-0.07594923057549727
44.89601980202273,-0.07654417771904203,-0.07614754629001219
44.98769304924366,-0.07607996688160121,-0.07612501982054187
45.10228460826983,-0.07549942958628858,-0.07591648974245745
45.19395785549075,-0.07503478220024998,-0.0756225872283883
45.28563110271169,-0.0745699427252099,-0.07527170572732884
45.377304349932615,-0.07410491235115718,-0.07488277460193829
45.49189590895878,-0.0735233577455191,-0.07442963564979857
45.58356915617971,-0.07305790220211086,-0.073972391167236
45.65232409159542,-0.07270868774212337,-0.07355115669219846
45.74399733881635,-0.07224290568163637,-0.0731150730220111
45.85858889784251,-0.07166041817140237,-0.0726301880718082
45.95026214506344,-0.07119422166940347,-0.07215153260433996
46.04193539228437,-0.07072784291023596,-0.07167696937297197
46.133608639505304,-0.07026128308782922,-0.07120507394459105
46.24820019853147,-0.07432301920988532,-0.07224438903302248
46.3398734457524,-0.07382492550642422,-0.0727712345241564
46.4086283811681,-0.06886052918740188,-0.07146766607857157
46.52321994019427,-0.06827641162481111,-0.07040391459398475
46.6148931874152,-0.06780892082655124,-0.06953891667150691
46.70656643463613,-0.0673412564374911,-0.06880636326016831
46.8211579936623,-0.06675643366303581,-0.06812305339445748
46.91283124088323,-0.06628838307268481,-0.06751149662053327
47.00450448810416,-0.0702081736363833,-0.06841038895914996
47.096177735325085,-0.06970855892901666,-0.06884311228243886
47.21076929435125,-0.06908378974397765,-0.0689233381029518
47.27952422976695,-0.0687087954321352,-0.06885182387934627
47.37119747698789,-0.0682086492020144,-0.06863743232023566
47.46287072420881,-0.06770832835778891,-0.06832773099942008
47.57746228323498,-0.06708268370271546,-0.06791271523385188
47.66913553045591,-0.06658197466043216,-0.06746913504271197
47.76080877767684,-0.06608109516833009,-0.06700645508458468
47.852482024897775,-0.06558004650866048,-0.06653098555927661
47.96707358392394,-0.06495349974631194,-0.06600515695495505
48.05874683114487,-0.06445207515008425,-0.06548746301999812
48.12750176656057,-0.06407589835323499,-0.06501694146441042
48.2191750137815,-0.0635741858544196,-0.06453602292774682
48.33376657280767,-0.06294681651443353,-0.0640062874566424
48.4254398200286,-0.06244473963518475,-0.06348577151615652
48.54003137905477,-0.061816918885771094,-0.06292948730602804
48.6317046262757,-0.06131448413299826,-0.06239115291501812
48.72337787349663,-0.060811892415179536,-0.06186473274840526
48.815051120717555,-0.06030914501894945,-0.06134620350525333
48.92964267974372,-0.05968049381164794,-0.0607909669407182
48.99839761515942,-0.05930318833978261,-0.06029504074040634
49.09007086238036,-0.055124982780088524,-0.05857168808696707
49.18174410960128,-0.05465308537170504,-0.05726548718187973
49.29633566862745,-0.054063017001763664,-0.056197997121841044
49.38800891584838,-0.053590806491051274,-0.055328933578244456
49.50260047487455,-0.053000350567495184,-0.05455273924132804
49.59427372209548,-0.056029688612581854,-0.05504505569841264
49.68594696931641,-0.05205518110987179,-0.054048430835565694
49.75470190473211,-0.055147311592196595,-0.05441472442110933
49.84637515195304,-0.054642901589716776,-0.054490783477311816
49.96096671097921,-0.0506364304908472,-0.05320599914849028
50.05263995820014,-0.050163252744811294,-0.052191750347263956
50.14431320542107,-0.04968994658087575,-0.051357815758467894
50.25890476444724,-0.049098135134209665,-0.050604588883715156
50.327659699862934,-0.048742953846285506,-0.04998404387123861
50.35057801166816,-0.04538290816326448,-0.04845033196858057
50.5110061943048,-0.04779546198427379,-0.048232041973811646
50.64851606513619,-0.043945553280300184,-0.04680321240930783
50.71727100055189,-0.04361368583317318,-0.045740036883929615
50.80894424777283,-0.04317109829163711,-0.044883724019832115
50.92353580679899,-0.04261770858159954,-0.044128385540421255
51.01520905401992,-0.04217487396833591,-0.04347721501639281
51.10688230124085,-0.04173193138741796,-0.042895453806734526
51.22147386026702,-0.03823680998359708,-0.04134257253235538
51.31314710748795,-0.037825284433370805,-0.04017014316602719
51.33606541929318,-0.037722387874545675,-0.03935422473553336
51.47357529012458,-0.03710488235066151,-0.03860444394057608
51.588166849150745,-0.03659013100170453,-0.037933006294285566
51.67984009637168,-0.03617822444414482,-0.03734807901090532
51.7715133435926,-0.0357662252703503,-0.03682079443072032
51.88610490261877,-0.03525109766834572,-0.03629756217659545
51.97777814983971,-0.03483889396469112,-0.03581133943929401
52.06945139706063,-0.034426601073487,-0.03534975998402501
52.16112464428157,-0.03401422005020294,-0.03490458000608432
52.27571620330773,-0.03349862144366735,-0.03443592715194533
52.344471138723435,-0.03318919783039867,-0.03402035071142978
52.43614438594436,-0.032776558745934894,-0.033605753389598154
52.52781763316529,-0.03236383575349863,-0.03319178084423165
52.64240919219146,-0.03184781562700654,-0.032743792438489946
52.73408243941239,-0.03143490770504142,-0.03230749752734044
52.82575568663332,-0.031021919309729744,-0.03187897145480354
52.917428933854254,-0.030608851498321578,-0.031455598135976225
53.03202049288042,-0.030092406666158932,-0.031001200979370463
53.07785711649088,-0.027586887613024406,-0.02986309652392178
53.19244867551705,-0.027110014285894272,-0.028945402444579278
53.28412192273798,-0.026728437455800756,-0.02820641411498644
53.39871348176415,-0.02625137031031929,-0.02755473284676406
53.513305040790314,-0.025774198159391585,-0.02696122128430657
53.60497828801124,-0.025392386117352523,-0.02643827622865522
53.69665153523218,-0.02501050907081887,-0.02596235384270977
53.7883247824531,-0.024628567997395653,-0.025517758560938398
53.87999802967404,-0.024246563874851818,-0.02509402699890954
53.9945895887002,-0.02376897154867707,-0.02465234184883205
54.0633445241159,-0.023482370394282557,-0.02426235136398222
54.15501777133683,-0.023100182992592026,-0.023874961906852156
54.24669101855776,-0.02271793645444565,-0.023489286756049988
54.36128257758393,-0.022240046611897036,-0.02307287337466567
54.45295582480486,-0.021857670594778417,-0.02266780578136992
54.54462907202579,-0.02147523862203502,-0.022270283394924956
54.636302319246724,-0.021092751672692475,-0.021877772820847463
54.75089387827289,-0.020614567166883722,-0.021456704269526217
54.81964881368859,-0.020327616761013703,-0.021080341766688715
54.91132206090952,-0.019944970757422437,-0.020701884763599958
55.00299530813045,-0.01956227369471693,-0.020322014407305616
55.11758686715662,-0.019083832056986102,-0.019909286957199113
55.20926011437754,-0.01870102369351235,-0.019506532535970192
55.30093336159848,-0.016791653500809144,-0.01860157285758318
55.392606608819406,-0.016440658962608178,-0.017881268225924847
55.50719816784557,-0.017456570955061045,-0.017739702468970248
55.57595310326127,-0.015738544520625914,-0.017072649819522136
55.71346297409267,-0.015211852532963798,-0.016452384057336025
55.78221790950837,-0.014948473491918099,-0.01595108053553005
55.8738911567293,-0.014597268018170474,-0.015499809696410191
55.98848271575547,-0.014158208731203055,-0.01505260937467448
56.0801559629764,-0.013806920441694544,-0.014637379730347835
56.17182921019733,-0.013455596806477238,-0.014243452089057636
56.26350245741826,-0.013104238724939458,-0.013863714301018244
56.37809401644442,-0.012664994053183498,-0.01346414088507333
56.46976726366536,-0.012313561756266203,-0.013080614508804288
56.53852219908106,-0.010954515270541207,-0.012371914762716596
56.63019544630199,-0.010634981751261726,-0.01179293709223164
56.74478700532815,-0.010235526662102937,-0.01127380028218874
56.83646025254909,-0.009915933035768038,-0.010821177866715173
56.92813349977001,-0.009596314024649985,-0.01041288991936011
57.01980674699095,-0.009276670446973268,-0.010034150095231164
57.13439830601711,-0.00887708267476976,-0.009648460955077364
57.22607155323804,-0.008557386814291723,-0.009284769574815483
57.29482648865374,-0.008317600497766874,-0.008962379882465947
57.38649973587468,-0.007997866837326832,-0.008640875534086243
57.50109129490084,-0.0068383539588486655,-0.008040035009007051
57.5469279185113,-0.006694455741414213,-0.007591508586476106
57.70735610114794,-0.006190778844735554,-0.007124598672562589
57.79902934836887,-0.00590294143038418,-0.006717379591836453
57.8907025955898,-0.005615088904505971,-0.006349949362726292
57.98237584281073,-0.00532722200400323,-0.006009040243151939
58.09696740183689,-0.004415439365993854,-0.005477839950765911
58.165722337252596,-0.00422350935725823,-0.005059729752930018
58.25739558447353,-0.0039675932660547504,-0.0046956842573049285
58.34906883169446,-0.003711667017814676,-0.004367678510808178
58.41782376711016,-0.003519716060204764,-0.00408502436060704
58.55533363794156,-0.003135799216230027,-0.003768615979148036
58.66992519696772,-0.0028158546215583066,-0.00345102885995146
58.76159844418865,-0.002239904427889998,-0.003047320715930973
58.85327169140958,-0.002015930327762366,-0.0027035239198747707
58.922026626825286,-0.0018479463345475358,-0.0024183313914323593
59.05953649765668,-0.0015119706068914213,-0.0021162111299187136
59.12829143307238,-0.0013439793562551264,-0.001858800538697518
59.21996468029331,-0.0011199880533715627,-0.0016125297102555331
59.31163792751424,-0.0008959938833191938,-0.0013736844346100869
59.40331117473517,-0.0006719974195229727,-0.0011397887629143821
59.51790273376134,-0.00039199948778686756,-0.0008905256712052107
59.5637393573718,-0.00023999984000003198,-0.0006736837274701512
59.67833091639797,0.0,-0.0004491224849801008
59.67833091639797,0.0,-0.00029941498998673394
59.83111966176618,0.0,-0.00019960999332448932
60.13669715250263,0.0,-0.0001330733288829929
60.17489433884468,0.02,0.006577951114078004
60.32768308421289,0.02,0.011051967409385336
60.48047182958112,0.02,0.014034644939590224
60.671457761291386,0.02,0.016023096626393483
60.78604932031757,0.02,0.017348731084262322
60.93883806568578,0.02,0.018232487389508216
61.091626811054,0.02,0.018821658259672146
61.28261274276427,0.0,0.012547772173114766
61.43540148813249,0.02,0.015031848115409845
61.588190233500704,0.0,0.010021232076939899
61.74097897886893,0.02,0.013347488051293266
61.9319649105792,0.02,0.01556499203419551
62.16114802863153,0.02,0.017043328022797007
62.19934521497359,0.02,0.01802888534853134
62.46672551936798,0.02,0.018685923565687563
62.54311989205209,0.02,0.01912394904379171
62.6959086374203,0.02,0.019415966029194476
62.848697382788515,0.02,0.019610644019462987
63.039683314498795,0.02,0.01974042934630866
63.19247205986702,0.02,0.019826952897539107
63.38345799157729,0.02,0.01988463526502607
63.53624673694551,0.04,0.026589756843350715
63.65083829597168,0.04,0.031059837895567145
63.803627041339894,0.04,0.0340398919303781
63.994612973050174,0.04,0.03602659462025207
64.1474017184184,0.06,0.04401772974683471
64.3001904637866,0.06,0.049345153164556475
64.45297920915482,0.06,0.052896768776370985
64.6439651408651,0.04,0.04859784585091399
64.79675388623332,0.04,0.045731897233942664
64.91134544525949,0.04,0.04382126482262844
65.0641341906277,0.04,0.0425475098817523
65.25512012233798,0.04,0.041698339921168205
65.4079088677062,0.06,0.047798893280778805
65.56069761307442,0.04,0.045199262187185875
65.71348635844264,0.04,0.04346617479145725
65.90447229015291,0.06,0.0489774498609715
66.05726103552112,0.06,0.05265163324064767
66.17185259454729,0.06,0.05510108882709845
66.32464133991552,0.06,0.05673405921806564
66.51562727162579,0.06,0.057822706145377094
66.668416016994,0.06,0.05854847076358473
66.85940194870429,0.06,0.05903231384238982
67.0121906940725,0.06,0.05935487589492655
67.16497943944073,0.06,0.05956991726328437
67.31776818480894,0.06,0.05971327817552291
67.50875411651921,0.06,0.059808852117015275
67.62334567554538,0.06,0.05987256807801018
67.7761344209136,0.06,0.05991504538534012
67.96712035262388,0.06,0.05994336359022675
68.11990909799209,0.06,0.0599622423934845
68.27269784336032,0.06,0.059974828262323004
68.42548658872855,0.06,0.05998321884154867
68.57827533409676,0.06,0.059988812561032445
68.76926126580703,0.06,0.05999254170735496
68.88385282483318,0.06,0.05999502780490331
69.03664157020141,0.06,0.059996685203268875
69.18943031556964,0.06,0.05999779013551258
69.38041624727991,0.04,0.05333186009034172
69.53320499264812,0.04,0.048887906726894484
69.7241909243584,0.04,0.04592527115126299
69.87697966972661,0.02,0.037283514100842
70.02976841509485,0.02,0.03152234273389467
70.18255716046306,0.02,0.02768156182259645
70.37354309217334,0.02,0.0251210412150643
70.4881346511995,0.02,0.023414027476709533
70.64092339656773,0.02,0.022276018317806356
70.79371214193594,0.02,0.02151734554520424
70.98469807364621,0.02,0.021011563696802828
71.13748681901444,0.02,0.020674375797868554
71.29027556438265,0.04,0.02711625053191237
71.48126149609293,0.02,0.024744167021274913
71.63405024146115,0.02,0.023162778014183278
71.74864180048732,0.02,0.022108518676122187
71.97782491853964,0.0,0.014739012450748126
72.0924164775658,0.02,0.016492674967165416
72.24520522293403,0.04,0.02432844997811028
72.39799396830225,0.04,0.029552299985406854
72.58897990001253,0.04,0.0330348666569379
72.74176864538074,0.04,0.03535657777129194
72.89455739074896,0.02,0.030237718514194628
73.12374050880129,0.04,0.03349181234279642
73.16193769514334,0.04,0.03566120822853095
73.35292362685362,0.04,0.03710747215235397
73.50571237222184,0.02,0.03140498143490265
73.69669830393211,0.02,0.027603320956601767
73.84948704930034,0.02,0.025068880637734513
74.00227579466855,0.02,0.023379253758489676
74.15506454003676,0.02,0.02225283583899312
74.34605047174705,0.02,0.02150189055932875
74.49883921711526,0.04,0.0276679270395525
74.61343077614143,0.04,0.03177861802636833
74.76621952150964,0.04,0.03451907868424556
74.95720545321993,0.02,0.02967938578949704
75.10999419858814,0.04,0.03311959052633136
75.30098013029841,0.02,0.028746393684220908
75.45376887566664,0.02,0.02583092912281394
75.60655762103485,0.02,0.02388728608187596
75.75934636640308,0.02,0.022591524054583974
75.95033229811335,0.04,0.02839434936972265
76.06492385713952,0.04,0.0322628995798151
76.21771260250773,0.02,0.028175266386543406
76.37050134787594,0.04,0.032116844257695606
76.56148727958623,0.04,0.03474456283846374
76.71427602495444,0.04,0.036496375225642495
76.86706477032266,0.04,0.03766425015042833
77.0198535156909,0.04,0.03844283343361889
77.21083944740116,0.04,0.038961888955745934
77.32543100642732,0.04,0.039307925970497294
77.47821975179554,0.04,0.03953861731366486
77.63100849716375,0.04,0.03969241154244325
77.82199442887404,0.04,0.0397949410282955
77.97478317424226,0.04,0.03986329401886367
78.12757191961047,0.04,0.03990886267924245
78.31855785132075,0.04,0.039939241786161636
78.47134659668896,0.04,0.03995949452410776
78.58593815571513,0.04,0.039972996349405175
78.81512127376746,0.04,0.03998199756627012
78.92971283279363,0.04,0.03998799837751341
79.08250157816184,0.04,0.03999199891834228
79.23529032353008,0.04,0.039994665945561524
79.42627625524034,0.04,0.03999644396370768
79.57906500060857,0.04,0.03999762930913846
79.73185374597678,0.06,0.046665086206092304
79.884642491345,0.04,0.04444339080406154
80.07562842305528,0.04,0.042962260536041026
80.19021998208143,0.04,0.04197484035736069
80.34300872744967,0.04,0.041316560238240464
80.49579747281788,0.06,0.047544373492160306
80.68678340452814,0.06,0.05169624899477354
80.83957214989638,0.04,0.04779749932984903
80.9923608952646,0.04,0.04519833288656602
81.14514964063281,0.06,0.05013222192437735
81.3361355723431,0.06,0.05342148128291824
81.45072713136925,0.04,0.04894765418861216
81.71810743576364,0.04,0.04596510279240811
81.79450180844775,0.04,0.04397673519493874
81.94729055381596,0.06,0.04931782346329249
82.13827648552623,0.08,0.059545215642195
82.29106523089445,0.06,0.05969681042813
82.44385397626269,0.04,0.05313120695208667
82.71123428065707,0.08,0.06208747130139111
82.78762865334117,0.08,0.06805831420092741
82.94041739870939,0.06,0.06537220946728495
83.05500895773557,0.04,0.056914806311523305
83.20779770310378,0.06,0.0579432042076822
83.39878363481405,0.06,0.05862880280512147
83.55157238018226,0.06,0.059085868536747646
83.70436112555049,0.06,0.05939057902449843
83.8571498709187,0.08,0.06626038601633229
84.04813580262899,0.06,0.06417359067755486
84.2009245479972,0.06,0.06278239378503658
84.31551610702337,0.06,0.06185492919002439
84.46830485239158,0.08,0.06790328612668292
84.65929078410187,0.08,0.07193552408445529
84.81207952947008,0.08,0.0746236827229702
84.9648682748383,0.06,0.06974912181531347
85.15585420654858,0.06,0.06649941454354232
85.3086429519168,0.06,0.06433294302902821
85.46143169728501,0.06,0.06288862868601881
85.6524176289953,0.08,0.06859241912401255
85.76700918802145,0.08,0.07239494608267504
85.91979793338967,0.06,0.06826329738845002
86.07258667875789,0.04,0.05884219825896669
86.26357261046817,0.08,0.06589479883931113
86.53095291486255,0.08,0.07059653255954075
86.5691501012046,0.1,0.08039768837302717
86.76013603291489,0.1,0.08693179224868479
86.9129247782831,0.08,0.08462119483245653
87.02751633730927,0.08,0.08308079655497103
87.2566994553616,0.1,0.08872053103664736
87.37129101438777,0.12,0.09914702069109824
87.52407975975598,0.1,0.09943134712739883
87.67686850512419,0.08,0.09295423141826589
87.90605162317652,0.08,0.08863615427884393
88.02064318220269,0.1,0.09242410285256263
88.17343192757092,0.08,0.08828273523504175
88.28802348659707,0.08,0.08552182349002783
88.44081223196528,0.08,0.08368121566001856
88.63179816367557,0.12,0.09578747710667904
88.78458690904378,0.12,0.10385831807111937
89.05196721343816,0.1,0.10257221204741292
89.12836158612228,0.1,0.10171480803160862
89.2811503314905,0.1,0.10114320535440575
89.43393907685872,0.08,0.0940954702362705
89.58672782222695,0.08,0.08939698015751367
89.85410812662133,0.1,0.09293132010500912
89.89230531296337,0.1,0.09528754673667275
90.0450940583316,0.1,0.09685836449111518
90.23607999004187,0.1,0.09790557632741012
90.38886873541009,0.08,0.09193705088494009
90.57985466712037,0.1,0.09462470058996006
90.73264341248858,0.12,0.10308313372664005
90.8854321578568,0.14,0.11538875581776004
91.03822090322502,0.12,0.11692583721184002
91.2292068349353,0.1,0.11128389147456003
91.38199558030352,0.1,0.10752259431637336
91.49658713932969,0.1,0.10501506287758225
91.6493758846979,0.1,0.1033433752517215
91.84036181640818,0.12,0.10889558350114767
91.99315056177639,0.1,0.10593038900076512
92.14593930714462,0.12,0.11062025933384342
92.29872805251284,0.12,0.11374683955589562
92.4897139842231,0.12,0.11583122637059709
92.64250272959133,0.12,0.11722081758039807
92.7570942886175,0.1,0.11148054505359872
92.90988303398572,0.1,0.10765369670239916
93.100868965696,0.1,0.10510246446826611
93.2536577110642,0.1,0.10340164297884408
93.40644645643243,0.08,0.09560109531922939
93.5974323881427,0.1,0.09706739687948626
93.75022113351092,0.14,0.11137826458632419
93.90300987887915,0.16,0.12758550972421612
94.09399581058942,0.14,0.13172367314947742
94.20858736961557,0.12,0.1278157820996516
94.3613761149838,0.12,0.12521052139976774
94.51416486035203,0.12,0.1234736809331785
94.70515079206228,0.12,0.12231578728878567
94.85793953743051,0.14,0.12821052485919046
95.01072828279874,0.14,0.132140349906127
95.16351702816695,0.14,0.13476023327075135
95.35450295987722,0.12,0.12984015551383424
95.46909451890339,0.12,0.1265601036758895
95.62188326427162,0.1,0.11770673578392633
95.77467200963983,0.1,0.11180449052261757
95.9656579413501,0.1,0.10786966034841172
96.11844668671833,0.12,0.11191310689894116
96.27123543208654,0.14,0.12127540459929412
96.42402417745477,0.16,0.1341836030661961
96.61501010916504,0.14,0.13612240204413073
96.72960166819121,0.12,0.1307482680294205
96.88239041355942,0.14,0.13383217868628033
97.0733763452697,0.14,0.1358881191241869
97.22616509063792,0.14,0.1372587460827913
97.53174258137435,0.1,0.1248391640551942
97.5699397677164,0.1,0.1165594427034628
97.72272851308463,0.08,0.10437296180230854
97.87551725845285,0.12,0.10958197453487237
98.06650319016313,0.12,0.11305464968991491
98.21929193553134,0.16,0.1287030997932766
98.60126379895189,0.14,0.13246873319551775
98.63946098529395,0.14,0.1349791554636785
98.83044691700422,0.12,0.12998610364245233
98.98323566237244,0.12,0.12665740242830156
99.13602440774066,0.14,0.13110493495220105
99.32701033945094,0.14,0.1340699566348007
99.47979908481915,0.16,0.1427133044232005
99.59439064384532,0.16,0.14847553628213367
99.89996813458175,0.14,0.14565035752142247
100.09095406629203,0.14,0.14376690501428166
100.43472874337053,0.16,0.14917793667618778
100.58751748873874,0.16,0.15278529111745853
100.81670060679107,0.14,0.14852352741163904
100.93129216581724,0.14,0.14568235160775939
101.08408091118545,0.12,0.13712156773850626
101.19867247021162,0.14,0.13808104515900418
101.35146121557985,0.14,0.13872069677266946
101.54244714729012,0.16,0.1458137978484463
101.84802463802656,0.18,0.15720919856563087
101.88622182436862,0.18,0.16480613237708724
102.03901056973683,0.18,0.16987075491805817
102.19179931510504,0.16,0.16658050327870547
102.34458806047327,0.14,0.157720335519137
102.53557399218354,0.14,0.151813557012758
102.65016555120971,0.14,0.14787570467517203
102.80295429657792,0.14,0.14525046978344802
102.95574304194615,0.14,0.14350031318896536
103.26132053268259,0.18,0.15566687545931024
103.29951771902464,0.18,0.1637779169728735
103.45230646439286,0.18,0.16918527798191568
103.60509520976109,0.18,0.17279018532127713
103.71968676878726,0.16,0.16852679021418476
103.91067270049751,0.18,0.17235119347612318
104.17805300489191,0.14,0.16156746231741548
104.21625019123397,0.14,0.15437830821161033
104.40723612294423,0.18,0.16291887214107356
104.56002486831245,0.18,0.1686125814273824
104.71281361368068,0.16,0.16574172095158826
104.86560235904889,0.18,0.17049448063439218
105.05658829075917,0.16,0.16699632042292814
105.17117984978533,0.14,0.15799754694861878
105.32396859515356,0.16,0.1586650312990792
105.51495452686382,0.18,0.16577668753271946
105.66774327223204,0.2,0.17718445835514632
105.85872920394232,0.18,0.1781229722367642
106.01151794931053,0.16,0.17208198149117615
106.16430669467876,0.16,0.1680546543274508
106.31709544004698,0.16,0.16536976955163388
106.58447574444136,0.18,0.1702465130344226
106.66087011712547,0.18,0.17349767535628174
106.77546167615164,0.18,0.17566511690418785
106.92825042151986,0.2,0.18377674460279192
107.08103916688808,0.18,0.18251782973519462
107.27202509859835,0.16,0.17501188649012975
107.42481384396658,0.16,0.17000792432675318
107.57760258933479,0.18,0.17333861621783547
107.76858852104506,0.18,0.17555907747855698
107.9977716390974,0.16,0.170372718319038
108.03596882543945,0.18,0.173581812212692
108.18875757080767,0.18,0.17572120814179468
108.34154631617588,0.2,0.18381413876119646
108.53253224788617,0.24,0.20254275917413098
108.68532099325438,0.24,0.21502850611608731
108.87630692496465,0.22,0.21668567074405823
109.02909567033288,0.2,0.21112378049603883
109.18188441570109,0.18,0.20074918699735925
109.44926472009547,0.16,0.18716612466490617
109.48746190643753,0.16,0.17811074977660413
109.64025065180576,0.2,0.1854071665177361
109.79303939717397,0.2,0.19027144434515741
109.98402532888424,0.18,0.18684762956343828
110.13681407425247,0.16,0.17789841970895887
110.44239156498891,0.22,0.19193227980597258
110.44239156498891,0.22,0.20128818653731506
110.63337749669918,0.26,0.22085879102487674
110.7861662420674,0.24,0.2272391940165845
110.90075780109356,0.22,0.22482612934438967
111.05354654646177,0.22,0.22321741956292646
111.24453247817206,0.2,0.21547827970861766
111.51191278256644,0.22,0.21698551980574513
111.55010996890849,0.22,0.21799034653716343
111.70289871427671,0.2,0.21199356435810895
111.89388464598699,0.18,0.20132904290540599
112.04667339135521,0.22,0.20755269527027068
112.16126495038137,0.2,0.20503513018018046
112.35225088209165,0.22,0.21002342012012032
112.50503962745987,0.24,0.22001561341341355
112.65782837282808,0.22,0.22001040894227572
112.84881430453837,0.22,0.2200069392948505
113.00160304990658,0.22,0.22000462619656702
113.1543917952748,0.24,0.22666975079771134
113.30718054064302,0.24,0.23111316719847425
113.49816647235329,0.22,0.2274087781323162
113.72734959040562,0.22,0.22493918542154415
113.76554677674768,0.26,0.23662612361436278
113.95653270845796,0.26,0.24441741574290854
114.10932145382617,0.24,0.2429449438286057
114.2621101991944,0.22,0.2352966292190705
114.41489894456262,0.2,0.223531086146047
114.60588487627288,0.24,0.22902072409736468
114.75867362164111,0.28,0.2460138160649098
114.87326518066727,0.28,0.2573425440432732
115.0260539260355,0.26,0.2582283626955155
115.17884267140371,0.24,0.25215224179701035
115.36982860311399,0.26,0.25476816119800694
115.52261734848221,0.28,0.26317877413200463
115.71360328019247,0.28,0.26878584942133643
115.8663920255607,0.26,0.26585723294755764
116.09557514361302,0.24,0.2572381552983718
116.21016670263919,0.22,0.24482543686558123
116.36295544800741,0.2,0.22988362457705416
116.47754700703358,0.22,0.22658908305136946
116.6303357524018,0.26,0.23772605536757965
116.89771605679618,0.26,0.24515070357838645
116.97411042948029,0.26,0.25010046905225763
117.12689917484852,0.3,0.26673364603483846
117.31788510655878,0.28,0.27115576402322566
117.470673851927,0.26,0.2674371760154838
117.62346259729523,0.24,0.2582914506769892
117.81444852900549,0.24,0.2521943004513262
117.92904008803166,0.24,0.24812953363421747
118.08182883339988,0.3,0.26541968908947833
118.23461757876811,0.28,0.2702797927263189
118.38740632413632,0.28,0.27351986181754595
118.5783922558466,0.26,0.26901324121169734
118.73118100121482,0.24,0.25934216080779826
118.88396974658303,0.22,0.24622810720519886
118.9985613056092,0.26,0.2508187381367993
119.18954723731947,0.3,0.2672124920911995
119.3423359826877,0.3,0.27814166139413304
119.49512472805591,0.3,0.2854277742627554
119.68611065976619,0.28,0.2836185161751703
119.95349096416058,0.26,0.2757456774501136
119.99168815050263,0.24,0.26383045163340907
120.14447689587084,0.26,0.26255363442227275
120.33546282758113,0.28,0.2683690896148485
120.45005438660729,0.28,0.27224605974323235
120.52644875929138,0.26,0.2681640398288216
120.71743469100167,0.28,0.2721093598858811
120.946617809054,0.3,0.2814062399239207
121.02301218173811,0.3,0.2876041599492805
121.21399811344838,0.28,0.28506943996618705
121.3667868588166,0.26,0.27671295997745804
121.48137841784276,0.26,0.27114197331830536
121.63416716321099,0.3,0.2807613155455369
121.82515309492126,0.3,0.2871742103636913
121.97794184028947,0.28,0.28478280690912755
122.1307305856577,0.26,0.27652187127275174
122.28351933102593,0.26,0.27101458084850116
122.47450526273619,0.28,0.27400972056566747
122.62729400810441,0.3,0.28267314704377833
122.74188556713058,0.28,0.2817820980291856
122.8946743124988,0.28,0.2811880653527904
123.08566024420907,0.3,0.2874587102351936
123.2384489895773,0.3,0.29163914015679576
123.39123773494552,0.28,0.2877594267711972
123.54402648031373,0.28,0.28517295118079816
123.735012412024,0.28,0.2834486341205321
123.88780115739222,0.3,0.28896575608035474
124.0787870891025,0.3,0.2926438373869032
124.23157583447072,0.3,0.2950958915912688
124.34616739349688,0.3,0.2967305943941792
124.65174488423332,0.3,0.29782039626278617
124.68994207057538,0.3,0.29854693084185746
124.8427308159436,0.3,0.299031287227905
124.99551956131181,0.3,0.29935419148527004
125.1865054930221,0.3,0.29956946099018006
125.33929423839031,0.3,0.29971297399345337
125.49208298375854,0.3,0.29980864932896895
125.60667454278469,0.3,0.2998724328859793
125.79766047449496,0.3,0.29991495525731954
